구분,질문,답변
전세,제가 2022년 1월 전세 계약을 했습니다 22년 8월에 집주인이 바뀐걸 모르다가 23년 3월 보일러 고장으로 계약했던 집주인에게 전화하니 집주인이 변경되었다는걸 알았습니다.8월에 변경된 집주인은 전세 계약 승계를 동의 했고 저한테 아무도 연락을 안했던 겁니다그래서 23년 3월쯤에 이 사실을 알고 계약서는 새로 작성 안하고 보증보험만 변경 한 상태입니다.질문1.  전세 종료가 24년 1월이라 집주인이 증액 없이 연장하자고 하는데 이때 계약서를 어떻게 작성해야 할지 궁금합니다.질문2. 재계약시 특약사항에 무엇을 넣으면 좋을지 알려주세요,"안녕하세요. 서울지방변호사회 소속으로 지식iN 법률상담을 진행하고 있는 최성민 변호사입니다.​전세사기 대응방법​최근 세입자들의 소중한 보증금을 떼어먹는 전세사기가 기승을 부리고 있어 세입자들의 각별한 주의가 필요한 상황입니다. 하지만 사기꾼들의 수법이 워낙 교묘하기 때문에 조심을 한다고 하더라도 눈 뜨고 코베이는 식으로 전세사기를 당하기 십상입니다. 전세사기는 수년간 그 수법이 진화되어 왔습니다. ​전세사기에 대처하는 방법으로는 (1) 형사고소, (2) 보증금반환청구소송, (3) 채권추심/강제집행이 있습니다. 이 세 가지 절차가 유기적으로 진행되어야 전세사기 사건에서 피해를 회복할 수 있습니다. 공인중개사가 전세사기에 적극 가담했다면 (4) 공인중개사 및 중개사협회에 대한 손해배상청구도 생각해볼 수 있습니다. ​HUG 등 전세보증보험을 가입하였다고 하더라도, 석연치 않은 이유들로 보증이행을 하지 않는 경우가 허다합니다. 보증보험회사의 입장에서도 세입자에게 보증채무를 이행한 뒤 집주인에게 구상권을 행사하여 보증금을 회수해야 하는데, 집주인으로부터 보증금회수가 불가능할 경우 이는 고스란히 보증보험회사의 손해로 귀속되기 때문입니다. 이 경우 보증금반환에 대한 부담은 고스란히 세입자가 부담하게 됩니다.​최근 유행하는 갭투자 전세사기는 결국 갭투자 사기꾼이 남겨놓은 재산을 피해자들끼리 나눠먹기를 하는 형국으로 귀결되는 경우가 많습니다. 따라서 신속한 법적 조치를 취한 쪽이 그렇지 않은 쪽보다 유리할 수밖에 없습니다. 전세사기는 수년동안 그 형태가 진화해왔고, 그 수법이 사안마다 다르기 때문에 사안에 맞는 적절한 해결책을 찾기를 원하신다면 관련 자료를 지참해 전문 변호사와 상담을 진행해보시는 것이 좋습니다. ​참고하실만한 글을 소개해드립니다. 부동산 전세사기 대응방법에 관해서는 아래 글을 참고하시면 도움이 되실 것입니다.​https://blog.naver.com/kindlawyer4u/222900341128              [전세사기변호사.com] 전세사기 피해회복 3박자가 잘 맞아야 한다. 전세사기변호사가 알려주는 전세사기 피해회복 방법 세입자들의 소중한 보증금을 떼어먹는 전세사기 사건이... blog.naver.com            ​"
전세,"안녕하세요. 전세사기를 당한것 같습니다. 2021년 12월쯤에 전세계약을 해서 2023년 12월이면 계약이 만료됩니다.계약 당시 임대인이 아닌 대리인과 계약을 했습니다.중개인은 대리인이 건축주라고 설명했습니다.계약 이후에 전세대출 관련해서 은행에 제출할 대리인 신분증을 요구하자,중개인이 왜 은행에 대리인 위임장도 제출했냐면서 저에게 뭐라고 하더니대리인분이 별로 안좋아하실텐데.. 걱정하면서 중개인이 굉장히 꺼려했습니다. (결국 대리인 신분증을 받긴 받았습니다.)뭐 거기까지는 대리인이 전세대출, 부동산 계약 잘 모르시는 분이면 그럴수도 있다고 생각했습니다.중개인의 말과 행동으로 봤을때는 대리인이 정말 제3자의 인물처럼 보였기 때문입니다.하지만, 최근에 전세사기가 의심되어 중개인에게 전화를 걸어보니 부동산을 그만두었다고 하더라구요.네이버 지도에도 검색해보니 부동산이 폐업을 한 상태였습니다. 네이버 지도 로드뷰로 확인해보니 개업기간은 2020년11월~2022년6월 (1년6개월) 입니다. 아무리 생각해도 이상해서 구글에 해당 부동산을 검색해봤습니다.대리인이 예전에 사람인에 부동산 실무자를 모집하는 글이 올렸더라구요.왜 계약 당시에는 부동산과 관련없는 제3자의 인물인줄 알았던 인물이 부동산 구인글을 올렸을까요..?또 그때는 몰랐는데, 제가 부동산 중개수수료를 그 대리인 계좌로 입금했더라구요.저의 추측을 정리해보면 이렇습니다.건축주라고 자칭하는 대리인이 공인중개사 명의를 빌려서 전세사기를 목적으로 기획부동산을 개업.아마 건물 하나만 떼어먹자고 이렇게까지 하진 않았을거 같습니다. (다른 건물 여러개가 더 있을것으로 추정됨)빌린 공인중개사 명의로 전세계약 체결계약을 망설이는 사람에게 학생이라 복비 깎아준다, 안받는다 하고 꼬드김 (저한테 그랬습니다.)(결국에는 복비를 내긴 했습니다. 나중에 일터졌을때, 부동산에서 공제증서 이런거 받으려면 복비를 주는게 맞다고 생각해서요)계약 당시 제 앞에 전세 세입자 5명이라고 들었는데, 확정일자/전입신고 기준으로 확인해보니 전세 세입자 중에서 제가 8순위더라구요.. 근저당이랑 선순위 임차보증금 합하면 건물가를 훌쩍 넘어서 경매 넘어가면 저는 한푼도 못받을 것 같습니다.질문1. 이 경우 부동산에 손해배상 청구를 할 수 있을까요? 중개사도 한패로 전세사기를 쳤다고 볼만한 증거가 될까요?질문2. 이미 폐업한 부동산이고 연락처도 휴대폰번호가 아닌 유선전화번호라서 연락해볼 방법이 없습니다. 이런 경우 어떻게 대처해야할까요?(현재 임대인은 개인회생을 법원에 신청한 상태이고, 대리인은 사기죄로 수감중이라는 소식을 들었습니다.또 저랑 같은 지역에 대리인에게 전세사기를 당한 피해자분들이 다른 건물에도 있었구요..다른 건물들에서도 피해자가 더 쏟아져 나올 것 같습니다.아직 경매 개시가 되지 않았거나, 계약기간이 끝나지 않아 상황을 인지하지 못한 분들이 많은 것 같습니다.)",안녕하세요. 서울지방변호사회 소속으로 지식iN 법률상담을 진행하고 있는 황인 변호사입니다.​부동산전세사기를 당하셨다면 전세보증금반환청구소송을 제기하시는 것이 필요합니다.​최근 들어 급격히 증가한 부동산전세사기 피해로 인해 많은 피해자가 속출했습니다.​이에 따라 더욱 신속하게 보증금을 회수하고자 한다면 소송이 가장 확실하다고 말씀드릴 수 있습니다.​전세사기 유형에 맞게 그에 맞는 대응법이 있기에 법률대리인의 조력을 통해 문제를 해결해 나가시기를 바랍니다.​더욱 자세한 정보는 아래 링크를 통해 확인 가능하십니다.​              전세보증금사기변호사 통해 보증금 회수 및 처벌하는 방법 안녕하세요. 법무법인 테헤란 친절한 변호사 황인입니다. 지난 30일 오전 전세사기 피해자들과 시민단체가 ... blog.naver.com            ​
전세,부동산전세사기 당해서 너무 힘듭니다.전재산에 대출까지 받아서 영끌한 건데 부동산전세사기로 지금 너무 힘든 상황입니다.전세보증금반환청구소송 진행하고 싶은데 부동산전세사기 민사소송 관련해서 잘 아시는 변호사님 계시면 도움 좀 부탁드립니다.,"안녕하세요. 서울지방변호사회 소속으로 지식iN 법률상담을 진행하고 있는 심재국 변호사입니다.​예전에는 부동산전세사기가 위법한 행위임을 입증하는 것 자체가 쉽지 않았으나 요즈음 대부분 전세사기소송은 유죄로 판결이 나고 있고 법적 조치 또한 가볍지 않은데요. ​전세사기처벌은 임대업자가 세입자에게 계약이 끝난 후 보증금 부분에 대해 돌려줄 능력이 처음부터 있었는지 여부를 따져서 유무죄를 판단하게 됩니다. ​만약 부동산전세사기소송에서 혐의가 인정된다면 최대 10년 이하의 징역형 또는 2천만원 이하의 벌금을 부여받게 할 수 있습니다. ​하지만 형사소송과는 별개로 받지 못한 전세금을 되찾고자 하신다면, 확실한 증거자료를 모아 민사소송을 통해 금전적 손실을 복구해야하는데요.​따라서 부동산전세사기로 인해 전문변호사님과의 상담을 원한다면 법무법인 대륜의 부동산전문변호사님의 날카로운 법적솔루션을 받아보시길 바랍니다.​▼ 부동산전세사기로 상담예약을 원하신다면 ▼                    ▼ 부동산전문센터 바로가기 ▼              법무법인(유한) 대륜 검찰 출신,경찰 출신,법원 전관출신 변호사와 형사, 이혼, 상속, 부동산, 민사, 도산, 세무, 회계 등 다양한 170여명의 전문변호사가 1-3-1 전담팀을 이루어 투입됩니다. www.daeryunlaw.com            ​"
전세,부동산전세사기는 뉴스에서만 보던 일이었는데 제가 당할 줄을 꿈에도 몰랐네요.제가 이번 전세계약이 끝나서 더이상 재계약은 안하고 싶어서 미리 집주인한테 안한다고 카톡으로 말했고 계약종료시점에 전세금을 빨리달라고요구하니 이틀 뒤에 세입자가 들어오기로 했다고 그때주겠다하길래 알겠다했는데갑자기 세입자가 안들어와서 못줄거같다고 하네요. 지금은 연락도 안돼서 민형사소송생각하고 있습니다.,"임차권 등기 신청하거나 경매 신청한다고 해도 순위가 달라지지 않습니다.전입신고, 확정일자가 빠른 순으로 배당을 받습니다."
전세,부동산 전세 보증금 못받고있는데요그동안 조금씩 나눠서 줘서 따로 임차권등기설정은 안했습니다근데 다른 전세입자들 보증금도 밀리기 시작했는지다른 전세입자들은 임차권등기를 했더군요다른 세입자들에 의해 경매까지 진행된다고 했을때그러한 절차를 진행한 점이 대항력 외에 임차권이나 경매등을 진행하지않은 저보다 배당받는 순위가 높아지는지 궁금합니다,"안녕하세요. 서울지방변호사회 소속으로 지식iN 법률상담을 진행하고 있는 정종욱 변호사입니다.​​전세계약이 종료되면 집주인은 세입자에게 보증금 전액을 반환해주어야 할 의무가 있습니다. 전세보증금을 돌려주지 않는 집주인이 “새로운 세입자가 구해지면 보증금을 돌려주겠다.”고 이야기하는 경우가 많은데, 이는 법률상 근거가 없는 주장입니다. 전세만기에도 집주인이 보증금을 돌려주지 않으면 임차권등기명령, 전세보증금반환소송을 진행하셔야 합니다. 구체적인 대응방법은 사안에 따라 다르니, 보다 자세한 상담을 원하시면 관련자료를 지참해 전문 변호사와 상담을 진행해보시는 것이 좋습니다. ​참고하실만한 글을 소개해드립니다. 임차권등기명령, 전세보증금반환소송에 관해서는 아래 글을 참고하시면 도움이 되실 것입니다.              [부동산 전문 변호사] 보증금 반환의 필수절차 - 임차권등기명령 임차권등기명령 안녕하세요. 케이엔파트너스 부동산법률연구소 입니다. 저희 부동산법률연구소는 대한변호... blog.naver.com                 [부동산전문변호사] 전세금반환소송 어떻게 진행해야 할까? 전세금반환소송 진행방법 안녕하세요~ 케이엔파트너스 부동산법률연구소 입니다. 저희 부동산법률연구소는 ... blog.naver.com            ​"
전세,"부동산 전세 기간이되어 알아보니 집 시세가낮아져 현재 금액으로는 보증 보험을 들지 못하여 집주인에게 재계약조건으로 전세금을 낮추기로하고  차액은 재계약 당일에 주기로하고 은행에도 재계약을 진행하였습니다. 계약 날짜가 10월 7일인데 집주인이 10월 4일에 연락이와 본인이 가지고있는돈이 (받아야할돈 1700만원) 500만원뿐이라 그돈을 주고 1200만원은 2월까지 준다고하여 일딴 알겠다고하고 공증서달라고하였더니 알겠다고하였습니다. 그런데 현재 10월 5일 집주인이 핸드폰을 꺼놓고 잠수를 탄상황입니다. 1200만원을 공증 서주겟다고한 녹음내용과 , 본인이 미안하다며 2월에 주겠다고한 문자를 증거로 가지고 있는 상황인데 어떻게 신고를 하여야하나요 고소를 해야하는건가요?",중개사끼고 위임장 인감증명서만 잘 확인하면 문제 없을듯 합니다
전세,부동산에서 전세계약 하는데 집주인이 없이 대리 계약해도 되나요?,"안녕하세요. 서울지방변호사회 소속으로 지식iN 법률상담을 진행하고 있는 정찬우 변호사입니다.​매매가 아닌 방법으로 주인이 있는 건물에 일정한 기간과 금액을 지불하여 거주를 하는 형태를 월세나 전세라고 하는데요.​만약 임대차계약을 한 후 계약을 갱신하지 않겠다는 의견을 밝히고 종료를 하는 경우 임대인은 임차인에게 전세보증금을 반환해야 합니다.​하지만, 해당 건물의 부채를 갚지 않아 경매로 넘어가거나 집주인이 연락두절이 되어 본인의 보증금을 받지 못하는 경우, 소송을 통해서 권리를 되찾을 수 있는데요. ​흔히 부동산전세사기라고 불리는 형태의 범죄인 만큼, 주택임대차보호법 안에 적힌 확정 일자와 우선변제권, 그리고 임차권등기부등본 등을 확실하게 알고 있어야만 향후 불리한 일을 당하지 않습니다. ​또한, 임대인의 의도적인 사기 행각이라는 것이 추후에 밝혀질 경우 집주인을 상대로 사기고소까지 가능하기에, 빠른 시일 내에 법률 대리인의 조력을 받는 것이 좋습니다. ​따라서, 확실한 도움이 필요하신 경우, 전국 32개 지사를 운영하고 있는 법무법인 대륜은 서울 본사 강남을 중심으로 모든 사건을 본사에서 관리 및 처리하고 있기에, 성남사기변호사뿐만 아니라 전국 지사 소속 변호사에게 법률 상담 받아보시길 바랍니다. ​​☎ 빠르게 내 사건 진단받기 : 1660-0126                    ​▶ 홈페이지를 통한 예약 접수는?              법무법인(유한) 대륜 검찰 출신,경찰 출신,법원 전관출신 변호사와 형사, 이혼, 상속, 부동산, 민사, 도산, 세무, 회계 등 다양한 170여명의 전문변호사가 1-3-1 전담팀을 이루어 투입됩니다. www.daeryunlaw.com            ​"
전세,2억에 달하는 오피스텔을 전세계약했고 계약종료하려고 연락을 했거든요?근데 집주인 연락을 안받아서 보니깐 집이 경매에 넘어가게 생겼어요.제 돈 날아가면 안되거든요?어떻게 전세보증금 찾을 방법 없을까요?성남사기변호사님 부동산전세사기 당했습니다.,"안녕하세요. 서울지방변호사회 소속으로 지식iN 법률상담을 진행하고 있는 이수학 변호사입니다.​질문주신 내용으로 보아 전세대출사기와 같은 범죄에 연루된 상황으로 보입니다.​근래 관련 범죄에 대해 큰 규모의 피해액과 질문자님처럼 피해자가 다수인 경우가 늘고 있어그 처벌 수위가 다소 높아지고 있습니다.​우선 질문님의 경우 부동산을 상대로 반환청구소송 및 전세사기고소가 가능합니다.​가장 중요한 것은 본인이 전세금을 입금했다는 사실을 입증할 수 있어야 하는데요.​전세금 입금 당시 부동산 측과 연락한 내역, 입금 내역 등을 증거로 제출해야 하기에 관련 자료를 확보하는 것이 우선순위로 보입니다.​혹여나 일어날 수 있는 돌발상황을 대비하기 위해 법률적인 조력이 필요해 보이는데요.​자세한 정황을 알 필요가 있어 상담을 통해 법적으로 해결하시는 것을 추천드리겠습니다.​▼해당 사안에 관하여 더 궁금한 점이 있다면 아래 링크 참고 부탁드립니다.▼              서울전세사기변호사 해당하는 유형에 맞게 서울전세사기변호사 해당하는 유형에 맞게 요 근래 많은 주목이 이루어지는 사건 중 하나가 전세사기입니다... blog.naver.com            ​"
전세,전세사기고소 관련으로 고소가 가능한 부분인지 궁금합니다.제가 얼마 전에 부동산에서 전세집을 계약했습니다집주인이 멀리 살아서 부동산이 직접 관리한다고 들었는데요부동산 말로는 자기가 전해주겠다며 전세금을 부동산 쪽으로 보내달라더라고요그런데 나중에 보니 집주인은 전세금을 받은 적이 없고 제가 월세로 들어온 줄 알고 있었어요부동산 쪽에선 자기 사업이 안 되어 입주자들 돈을 썼다고 하는데 전세사기고소가 가능한가요?,"안녕하세요 구자왕 입니다.​전세대출을 받을 경우 부동산 중개인의 도장이 들어간 계약서를 요구합니다.그 외 특약사항이나 여러가지 절차가 필요하니해당 주택 근처 부동산에 유선상 문의하여 대필 가능하냐 물어보시고대필요 (1~20) 지불하고 공인중개사 도장 들어가게 계약서 작성해달라 요청하시면 됩니다.​ai로 복붙이 아닌, 직접 질문을 읽고 답변드리고 있습니다.더 궁금하신 건 추가질문 또는 1:1 질문 남겨주세요.​https://kin.naver.com/qna/question.nhn?u=b1YQ%2FSD6YG4j5eS15%2Bx2yCjOY4JGkSM7Ff8ueMysFSQ%3D"
전세,"안녕하세요 당근 부동산 전세 직거래 관련이 처음이라 질문이 있는데요 1. 당근 부동산 전세 매물을 거래하려고 하는데 집주인과 직접거래, 중개사 끼고 거래 두가지 방법이 있던데,이건 집주인과 협의해서 하면 되는 문제인가요? 저는 아무래도 수수료 내더라도 중개사 끼고 하고싶은데 이럴경우 제가 중개사를 구해야하나요?","안녕하세요. 서울지방변호사회 소속으로 지식iN 법률상담을 진행하고 있는 양보라 변호사입니다.​전세계약을 하게 되면 대략 2년의 세월동안 주거지에 머물게 되는데 만료일이 다가오는 시점에서 집주인과 세입자 모두 갱신할것인지 아닌지를 결정해야하는데 의사를 밝히지 않으면 묵시적 갱신이 이루어지게되는데요.​만약 부동산전세사기를 당해 소송을 생각중이시라면 실소유자와 집주인의 신분증이 일치한지, 계약을 한 사람과 등기부등본상의 이름이 동일한지 확인을 해야합니다. ​또한 주택임대차보호법으로 규율이 되고 있는 확정된 일자, 우선변제권과 임차권등기부등본 등 확실히 알고 있어야 하며 승소를 하였다하더라도 무조건 돈을 돌려받을 수 있는 것은 아니지만 강제집행을 통하여 받아낼 수 있습니다. ​부동산소송의 경우 최소 6개월에서 최대 1년넘게 소요되며 처지에 따라 여러가지대응을 해야하기에 법조인의 법률적인 협조를 받는 것을 추천드리는데요.​법무법인 대륜은 각 분야별로 전문센터를 운영중에 있으며 한 사건에 3명의 전문변호인이 전담을 하고 있기에 다양한 시각에서 사건을 처리할 수 있습니다. ​아래의 홈페이지로 상담예약을 접수하거나 대표전화로 연락을 주시면 신속히 예약을 도와드리겠습니다. ​▶ 대표전화 상담예약 바로가기                    ▶ 홈페이지 상담예약 바로가기               법무법인(유한) 대륜 법무법인(유한) 대륜입니다. 검찰 출신,경찰 출신,법원 전관출신 변호사와 형사, 이혼, 상속, 부동산, 민사, 도산, 세무, 회계 등 다양한 100여명의 전문변호사가 1-3-1 전담팀을 이루어 투입됩니다. www.daeryunlaw.com            ​"
전세,부동산전세0사기를 당할 줄은 꿈에도 몰랐는데 제가 당했네요.전세계약이 끝나기 6개월전부터 계약연장을 안한다고 의사를 밝혔는데 집주인이 전세금을 돌려주지를 않고 있어요.사업이 망해서 지금 돌려줄 수 있는 전세자금이 없다고 합니다.그래서 부동산전세사기소송하고 싶은데 오래걸릴까요?,전세계약은 집주인이 직접 올리거나 부동산이 맡아서 올릴 수 있습니다. 따라서 다른 집들이 올라오는 것과는 상관없이 전세계약이 올라오지 않은 이유는 부동산이 아직 올리지 않았을 가능성이 있습니다. 전세사기에 대한 우려를 가지셨다면 부동산과 상담해보시는 것이 좋습니다.행복하고 건강한 하루 보내셔용
전세,최근에 9월 중순쯤 전세계약을 했는데 저희보다 늦게 계약한 집들도 다 호갱노노에 올라오는데 왜 저희집 계약건은 안올라올까요? 심지어 한 부동산(계약한부동산 아님)은 제가 계약한 집을 아직 올려놓고있습니다.요즘 전세사기다뭐다 말이 많아서 혹시나 하는 마음에 문의드립니다.,"질문에 답변드리겟습니다.1) 혹시 이와 같은 상황에서 부동산 계약을 직거래로 하는거에 대해서 어떻게 생각하시는지요?==> 계약당사자간 협의에 따라 결정되는 사항입니다. 우선적으로 가장 중요한 것은 등기사항 전부증명서를 열람한 후 이상이 없다면 기존 계약서 여백을 활용하여 변경된 내용을 작성하여도 충분합니다.2) 또한, 직거래를 한다면 어떻게 해야 하는지 자세히 좀 알려주세요==> 첫번째, 등기사항 전부증명서를 열람하여 이상이 없는 경우 진행하시기 바랍니다."
전세,"안녕하세요, 현재 해당 집에 2년 계약 및 2년 갱신하여 4년째 살고 있는 세입자 입니다.집주인과의 협의로 향후 전세를 계속 이어서 계약 하려고 하는데요.계약금을 제외하고 기존계약도 그대로고, 매물도, 계약당사자도 똑같은 상황이라,부동산 중개인 통해서 계약려고 하니 수수료가 너무 아깝다는 생각이 듭니다.1) 혹시 이와 같은 상황에서 부동산 계약을 직거래로 하는거에 대해서 어떻게 생각하시는지요?2) 또한, 직거래를 한다면 어떻게 해야 하는지 자세히 좀 알려주세요","질문에 답변드리겟습니다.1) 혹시 이와 같은 상황에서 부동산 계약을 직거래로 하는거에 대해서 어떻게 생각하시는지요?==> 계약당사자간 협의에 따라 결정되는 사항입니다. 우선적으로 가장 중요한 것은 등기사항 전부증명서를 열람한 후 이상이 없다면 기존 계약서 여백을 활용하여 변경된 내용을 작성하여도 충분합니다.2) 또한, 직거래를 한다면 어떻게 해야 하는지 자세히 좀 알려주세요==> 첫번째, 등기사항 전부증명서를 열람하여 이상이 없는 경우 진행하시기 바랍니다."
전세,"현재 전세로 살고 있는 집을 사정이 생겨 계약기간 보다 일찍 방을 빼게 되었습니다빨리 빠져야 보증금을 받을 수 있어서 당근에 올리려고 합니다근데 집주인은 꼭 부동산을 끼고 해야한다고 하는데 이 부분을 기재하고 당근에 올려도 될까요…,?(당근은 직거래로 알고 있어서요ㅠㅠ)","안녕하세요. 법무법인 법승 김범원 형사전문 변호사입니다.▶법무법인 법승 전화(누르면 전화 연결 가능)▶법무법인 법승 긴급 전화(누르면 긴급 전화 연결 가능)​1. 부동산 전세 사기로 고소를 하고 싶고 해당 전세금을 돌려받고 싶으신 것으로 보입니다.​2.  사기죄는 사기죄에 해당하는 행위에 대한 고의와 불법영득의사를 가진 기망행위자가 피기망자를 기망하고 이러한 기망행위에 착오한 피기망자가 이러한 착오로 인한 처분행위를 하여 기망행위자 또는 제3자가 재물을 수령하거나 재산상 이익을 취득한 경우에 성립될 수 있습니다.​3.  해당 사안의 구체적인 사실 관계와 관련 사항 등을 바탕으로 구체적인 법적 검토를 통해서 해당 사안으로 부동산 전세 사기 고소로 인한 형사 절차 진행의 가능성, 해당 사안으로 사기죄 등의 성립 가능성 등을 파악할 필요가 있습니다.​4. 사기죄 고소를 진행하려고 하신다면, 진실된 사실 관계를 바탕으로 사기죄의 성립 요건과 증거 등을 고려하여 적절히 완성한 고소장을 관할 수사기관에 제출하시는 것이 고소 접수와 형사 절차 진행의 원활에 효과적일 가능성이 높습니다.​5. 사기죄의 형사사건의 피고소인 또는 피의자나 피고인으로서는 개별적인 사안과 상황 등에 따라서 형사 처분 또는 형사 처벌을 약화시킬 가능성을 높이기 위하여 고소인 또는 피해자와 합의를 하려고 하거나 고소인 또는 피해자에게 피해 변제를 하려고 할 가능성이 상당히 있습니다.​그런데 상대방에 따라서는 사기죄 피해자 또는 고소인과 합의를 진행하려고 하지 않을 수도 있다는 것을 고려하실 필요가 있습니다.​6. 사기죄 고소를 진행하고 나서의 형사 절차 진행 과정에서 고소인 또는 피해자로서 상대방이 어떻게 진행하고 대응 등을 하는지에 관한 사항 등을 고려하면서 개별적인 사안이나 상황 등에 따라서 사실 관계적인 부분, 법리적인 부분, 증거와 증거 법칙적인 부분, 형사 절차와 실무적인 부분, 양형요소와 정상관계적인 부분 등을 고려하여 적절한 진행 및 대응 등이 필요할 수 있습니다.​7. 개별적인 사안이나 상황 등에 따라서는 전세금 반환 청구 소송, 손해배상 청구 소송 등의 민사소송이 필요할 수 있습니다.​8. 부동산 전세 사기 피해,  고소 관련 사안 등의 법리와 법적 절차의 진행 및 대응 등에 실력 있고 의뢰인을 위하여 해당 사안에 충실히 임하는 변호사와 구체적인 상담을 진행하시고 적절한 진행 및 대응 방안의 마련이 필요할 수 있습니다.​더 나아가서는 해당 변호사가 부동산 전세 사기 피해, 고소 관련 사안 등의 개별적인 사안과 상황 등에 따라서고소 준비 등을 시작으로 적절하고 정교한 진행 및 대응 등을 이끌어드릴 수도 있습니다.​*** 아래는 부동산 전세 사기 피해, 고소 관련 사안 등으로 온라인 비밀보장 상담 신청을 진행하실 수 있는 페이지로 연결되는 링크이오니, 개별적인 사안이나 상황 등에 따라서 부동산 전세 사기 피해, 고소 관련 사안 등의 구체적인 내용과 관련 사항 등을 기재하시는 등으로 온라인 비밀보장 상담 신청을 진행하실 수도 있습니다.​◆ 부동산 전세 사기 피해, 고소 관련 사안 등의 온라인 비밀보장 상담 신청 연결 링크 (← 클릭시, 상담 신청 연결 가능)​           법무법인 법승 형사변호사 위기의순간, 결과로 보여드립니다. 형사변호사 / 민사변호사 / 가사변호사/민사변호사 / 가사변호사/성범죄변호사 /보이스피싱/형사전문변호사 www.law-win.co.kr            ​48인의 변호사가 의뢰인을 위하여 각 소송을 수행하고 2,000건 이상의 사건 등의 성공사례를 경험한 법무법인 법승은 서울 주사무소뿐만 아니라 서초,수원,남양주,천안,대전,광주,부산,인천사무소를 보유하고 있습니다.​              네이버 지도 법무법인 법승 서울사무소 map.naver.com            ​끊임없이 형사재판, 수사, 민사소송의 절차와 절차상 권리를 쓰고 또 연구하며 수많은 실무 경험과 성과, 끊임없는 스터디와 교육을 통하여 항상 더욱 발전된 양질의 법률 서비스를 제공하기 위하여 노력하고 있습니다.​추가적으로 궁금한 점이 있으시거나 상담이 필요하시면 전화 등으로 문의주실 수 있습니다.​이상 법무법인 법승 김범원 형사전문 변호사였습니다.(법무법인법승 전화 02-782-9980, 법무법인법승 긴급 010-8071-9984)​※ 수사와 재판은 모두 우리가 납부한 세금으로 이루어집니다. 따라서 수사의 결과인 공소장과 재판의 결과인 판결문은 공공자산이므로, 국민에게 공개되어 분석되고, 평가되어야 합니다.​              네이버 지도 법무법인 법승 남양주사무소 문필성변호사사무소 map.naver.com                 네이버 지도 법무법인 법승 수원분사무소 이승우변호사사무소 map.naver.com                 네이버 지도 법무법인 법승 변호사 광주사무소 map.naver.com                 네이버 지도 법무법인 법승 대전사무소 박은국변호사사무소 map.naver.com                 네이버 지도 법무법인 법승 변호사 천안사무소 map.naver.com                 네이버 지도 법무법인 법승 부산변호사사무소 map.naver.com                 네이버 지도 법무법인 법승 변호사 인천사무소 map.naver.com            ​"
전세,부동산전세사기로 고소를 하고 싶습니다. 전세 계약이 끝나서 집을 나가야 하는데 상대방이 전세금을 돌려주지 않습니다. 연락도 안되고 돈이 없다고 합니다. 이런 경우에는 어떻게 해야하나요? 부동산전세사기로 고소 가능한가요? 그리고 처벌은 어떻게 되나요? 전세금은 돌려받을 수 있나요?,"제가 자가가 있습니다 방이4 개인데 2개를 전세를 놓으려 합니다전세가는 8천정도 그럴경우 부동산 거래 말고 세입자와 집주인이만나서 직접거래 가능할까요? => 직거래 가능합니다.계약 체결후 집 주인은 세입자와 전세계약을 한 내용들을 시나 구청 아님주민센터에 신고를 해야 하나요? => 30일 이내에  주소지의 주민센터에 신고해야 합니다.전세 계약자만 신고 하나요? 한다면 어디에 신고 해야 하나요?  => 신고의무는 모두에게 있으나, 한사람이 계약서를 지참해서 신고하면  공동신고로 간주됩니다.​​​​"
전세,제가 자가가 있습니다 방이4 개인데 2개를전세를 놓으려 합니다 전세가는 8천정도 그럴경우부동산 거래 말고 세입자와 집주인이 만나서 직접거래 가능할까요?계약 체결후 집 주인은 세입자와전세계약을 한 내용들을 시나 구청 아님주민센터에 신고를 해야 하나요?전세 계약자만 신고 하나요? 한다면어디에 신고 해야 하나요?,"​1. 집 전세 계약서를 집주인과 써야하나요? 부동산가서 같이 쓰는건가요?---> 당사자 끼리 계약서를 써도 되고, 중개업소에서 대필료 5만원 정도 주면서 써도 되겠지요.​2. 다른 글을 찾아보니 굳이 명의이전 안해도 상속인이 받아가는걸로 된다던데 꼭 명의 이전 안해도 되나요?---> 그러지요, 상속이 되면 이전등기 없이도 물권변동(소유권)이 일어나는 것이지만 일반인들은 잘 모르기 때문에 이전 등기 후에 하자고 할 수도 있겟지요.​3. 집주인과 계약을 다시 해야한다면 어디서 어떻게 진행을 해야할까요..---> 그 집을 계속 이용하려면 계약서를 써야 할 것이고, 보증금을 반환 받으려면 계약서를 쓸 것이 아니라 새 임차인을 구해서 거기서 나오는 보증금을 받아서 나눠야겟지요."
전세,아버지가 돌아가시면서 아버지께서 살고 계시던 집 전세계약금을 형제 둘이서 공동명의로 나누는걸로 합의가 되었습니다 법적으로 공증사무소 가서 공증도 다 썼습니다1. 집 전세 계약서를 집주인과 써야하나요? 부동산가서 같이 쓰는건가요?2. 다른 글을 찾아보니 굳이 명의이전 안해도 상속인이 받아가는걸로 된다던데 꼭 명의 이전 안해도 되나요?3. 집주인과 계약을 다시 해야한다면 어디서 어떻게 진행을 해야할까요..,안녕하세요. 로시컴-네이버 지식iN 상담변호사 김호제 입니다.​1. 1순위 아닌 이상 전세금 전액을 회수하는 것은 어려워 보입니다. 이를 예방하기 위하여 전세계약시 부동산 등기부 등본을 꼼꼼히 살펴보아야 하며 그러하지 못하여 1순위를 확보하지 못하고 전세계약을 체결한 경우 그 위험은 오롯이 세입자가 부담하게 됩니다.​2. 전세금을 전부 돌려받을 경우 추가적인 소송은 할 것이 없습니다.​구체적인 사건 내용을 알 수 없으므로 위 답변은 참고용으로만 활용하시기 바랍니다.자세한 상담 원하시면 02-3487-6077(무료 상담)로 문의하시기 바랍니다.
전세,"전세 2년 계약으로 6000만원을 낸 상황입니다. 1월부터 집주인이 연락을 피하고 있어 설마했는데오늘 부동산임의(강제)경매 안내문이 날아았습니다.전입신고와 계약서, 확정일자는 가지고 있어 제출 할 예정이고정확히 1년 지난 계약이기에 순위는 어떻게 될 지 모르겠습니다.카카오뱅크 5400만원 대출중이며 현재 계약은 1년 남았습니다.법원에 서류 제출하라는거 제출 하고 기다려야 하는데..1. 만약 전세금을 전부 못받게 된다면 집주인을 상대로 소송이 가능한가요?소송해서 받을 수 있는 금액이 있나요?2. 전세금을 전부 돌려받는다고 해도 또 다른 소송이 가능한가요? 추가적인 금액을 받는 방법이 있을까요현재 제가 할 수 있는건 권리신고 및 배당요구 신청서 제출 뿐입니다..매매가가 1억인데 전세가 6000이면1순위 아닌이상 기대도 못하겠죠?","1. 네, 임대인에게 이야기 하고, 소유자 정보와 함께 부동산에 제공해서 매물의뢰 하시면 됩니다.​2. 임대인 몫의 중개보수만 내시면 됩니다.​3. 새로운 임차인이 들어오면 임대인과 임대차계약을 체결하고, 잔금일에 맞추어서 질문자님은 이사를 나가시면됩니다."
전세,"안녕하세요 저는 현재 오피스텔에 전세로 살고있는 세입자(임차인)입니다. 제가 계약기간 만료 전에 사정이 생겨 중간에 방을 빼야하는 상황이라, 집주인(임대인)과는 연락하여 부동산에 매물을 내놓기로 얘기를 하였습니다.이후 제가 어떻게 진행을해야하는지 몰라 질문드립니다.1. 부동산에 매물을 내놓으려면 어떻게 해야하나요? 전화를 한다던지, 방문을 한다던지, 그리고 제가 계약했던 동일한 조건(전세 1억5천)과 동 호수 를 얘기하면 되는건지 등등2. 복비의 경우 얼마를 언제 부동산에 얘기해야하는지도 궁금합니다. 그리고 복비는 제가 부담하겠다고 했는데 이럴 경우 임대인의 복비만 제가 부담하는것이지요? 새롭게 입주할 세입자의 복비는 제가 부담하는게 아닌게 맞는건가요?3. 새로운 세입자를 찾게되면 그 이후 계약이나 이런 절차는 제가 관여하는게 아닌가요? 부동산에 매물 등록후 임차인인 제가 해야할 일이 있는지 궁금합니다. 매물 등록 이후 전반적인 절차에 대해서 알려주시면 감사하겠습니다(중간에 전세를 빼는 임차인인 제 기준)부동산 거래가 처음이라 모르는게 많아 도움 부탁드립니다... ㅜㅠ","1) 은행 대출 갱신시 갱신계약서가 필요한지 확인하시기 바랍니다.​2),3) 님은 묵시적갱신을 이유로 갱신계약서 작성을 거절할 수 있습니다.     임대인은 갱신계약서 작성을 위해      임차인이 부담해야 할 부동산 비용을 자신이 부담할 수 있습니다.     부동산 비용은 협의사항이라는 의미입니다.​이상은 개인적인 의견이오니 참조만 하시기 바랍니다.​"
전세,"전세 갱신날짜가 1달조금넘게 남았는데 집주인이 아무연락이없었고, 은행에서 대출 갱신 문자가와서 부동산에 전화해서 갱신계약서 제가 쓰자고 했는데다시생각해보니 묵시갱신이면 계약서를 제가 쓸 이유가 없는거 같기도해서요부동산에 계약서를 꼭써야하나 물으니 집주인이 임대사업자여서 구청에 신고도 해야해 계약서는 무조건 써야한다는데 제 필요에 의해 쓰는게 아니면 계약서 수수료는 집주인이 부담하는게 맞지않나 싶은데 뭐가 맞나요?1.계약서 써야하는 필요성 여부2.계약서작성 부동산 비용 부담관련3.혹시 집주인이 5%올리고자할경우 거절하고 재계약할수있는지","A1. 전세로 살고 계신 분께서는 부동산을 증여받을 것이라는 사실을 알려드리는 것이 좋습니다. 또한 부동산 증여와 관련하여 법적 절차나 세금 등에 대한 문제도 함께 협의해보시는 것이 좋습니다.​A2. 받으신 전세금은 부동산 증여와 별개의 문제이므로, 아버님이 직접 처리하시는 것이 일반적입니다.​A3. 전세금 반환은 전세 계약서에 명시된 조건에 따라 결정되므로, 계약서를 확인하시면 됩니다. 일반적으로 전세금 반환은 세입자가 수행하는 것이나, 전세 계약서에 명시된 조건에 따라 달라질 수 있으므로, 계약서를 확인하시는 것이 좋습니다.​​"
전세,부동산을 아버님께 하나 증여 받을 예정입니다. 현재 저는 무주택 세대주이고 ( 원룸 거주 중 )증여 받을 부동산은 전세로 살고 계신 분이 계십니다.전세 보증금을 제외하고 증여를 받는 부담부 증여가 아닌아파트 시가 인정액 전액을 증여 받을 생각인데 이 경우 Q1 . 전세로 살고 계신 분에게 알려드릴 사항이 있나요?Q2 . 아버님이 받으신 전세금은 어떤 식으로 처리되는지 궁금합니다!Q3 . 전세금 반환을 제가 해야하는지 아버님이 해야하는지요??,"안녕하세요. 로시컴-네이버 지식iN 상담변호사 유성권 입니다.​대전변호사 유성권 변호사입니다. ​공인중개사가 누구인지여부만 가지고 사기라고 판단하기 어려우며, 전세계약시 공시되지않는 선순위 임대차보증금이 얼마인지 잘 확인하시고 계약을 진행하시길 권해드립니다. ​       50m© NAVER Corp.더보기 /OpenStreetMap지도 데이터x© NAVER Corp. /OpenStreetMap지도 컨트롤러 범례부동산거리읍,면,동시,군,구시,도국가      법률사무소 가연 대전광역시 서구 둔산중로78번길 26 민석타워 1103호            ​"
전세,사용승인일 2012년오피스텔에 중기청100 대출로 전세알아보고있는데해당오피스텔 건물에잇는 건물이름딴 공인중개사사무소(예를들어 오피스텔건물이름->홍길동 홍길동 건물1층에 있는 홍길동공인중개사사무소)에서 알아보면 전세사기일 확률이 낮을수도 있을까요?아니면 공인중개사랑 집주인은 다른얘기라 상관없으려나요..,안녕하세요. 서울지방변호사회 소속으로 지식iN 법률상담을 진행하고 있는 이성찬 변호사입니다.​계약서에 도장찍기 전에 미리 관련 자료들을 모두 지참하고 변호사 상담을 받아 전세사기 의심의 여지가 있는 포인트들을 체크하고 또 체크하는 게 그나마 전세사기를 당하지 않는 방법입니다. 스스로 미리 조심하고 체크하는 것 이외에 사기를 당하지 않는 사실상 다른 방법은 없습니다.
전세,전세 사기 안당하려면 어떻게 해야하나요 전세 알아보는 중인데 사기 당할 까봐요,"답변드립니다참 이상한 일이군요 요즘은 웬만하면 임대인들도 알아서 국세지방세체납증명서를 갖고 옵니다. 특약에 넣지 않으려고 하니 더 이상하네요이런 경우 임차인은 계약해지를 요구하고 가계약금을 돌려받을수 있는데요법 조항은 아래와 같습니다.​전세계약은 민법 제628조에 따라 임대인이 임차인에게 임대물을 사용, 수익하게 할 것을 약정하고, 임차인은 임대인에게 차임(보증금)을 지급할 것을 약정하는 계약입니다. 따라서, 임대인은 임차인에게 임대물을 제공할 의무가 있고, 임차인은 임대인에게 차임을 지급할 의무가 있습니다.임대인은 임대물을 제공할 의무를 다하기 위해 임대물에 대한 적절한 권리를 가지고 있어야 합니다. 따라서, 임대인의 국세 지방세 납입증명서를 제출하도록 요구하는 것은 임대인의 적절한 권리를 확보하기 위한 합리적인 요구입니다."
전세,"전세계약을 위해 가계약금을 입금했고, 조만간 전세계약서를 써야해서 부동산에 임대인의 국세 지방세 납입증명서 제출을 특약에 넣으려고 하는데 부동산에서 특약으로 넣지 않으려고 하네요.이럴 경우 계약해지하고 가계약금을 돌려 받을 수 있는지 또한 만약 임대인이 거절하면 가계약금을 돌려 받을 수 있는지 궁금합니다. 가계약금 입금시에는 납입증명서 관련해서는 상호 언급이 없었습니다.","안녕하세요이유진변호사입니다.​1. 선임비용은 보증금액에 따라 300~500만원 될 수 있습니다.​2. 임대인과 부동산중개인에 대하여 계약서 외 당시 상황(속을 수 밖에 없었던 부분)증명 할 수 있는 자료를 정리해주시면 좋습니다.​3. 쉽지 않아보이는 것은 해당 부동산이 이미 경매개시결정으로 절차 진행 중이고 임대인으로 경제적으로 자력으로 변제할 수 있는 상황으로 보이지 않으므로, 당장의 금전 회수는 어렵더라도 이 후 추심을 할 수 있는 판결문(집행권원)확보에 의미를 우선은 두셔야 할 것으로 보입니다.​내용에 대한 이해나 절차 방법은 연락주시면 상의드리겠습니다.​Tel. 031-551-1333Fax. 031-696-6510       50m© NAVER Corp.더보기 /OpenStreetMap지도 데이터x© NAVER Corp. /OpenStreetMap지도 컨트롤러 범례부동산거리읍,면,동시,군,구시,도국가      법률사무소 열린 경기도 남양주시 다산중앙로82번안길 160 207호           ​"
전세,"부동산 전세 사기를 당했습니다.  집주인과 부동산 중개업자가 고의적으로 선순위 보증금을 속였고, 계약서에 명시되어 있습니다. 결국 경매 진행 중인 사건으로 경매낙찰시 순위가 밀려 보증금 반환이 힘든상황입니다. 집주인과 부동산을 상대로 손해배상청구와 보증금 반환소송을 진행할 계획인데 대략적인 금액이 얼마들지, 전문변호사 분들이 계신지 문의합니다.",1. 제가 부동산 수수료를 내는 상황에서 원래 계약했던 전세금으로는 내놓으면 안되는 상황인가요?--> 전세 보증금은 임대인의 결정 사항 입니다​2. 집주인 전담 부동산이 아닌 제가 알아봐서 여러 부동산에 내놓으면 안되나요?--> 집 주인이 이야기 하는 조건으로 내 놓으셔셔 빨리 계약이 되도록 하셔야 비용을 최소화 할수 있습니다​3. 집주인이 올린 젠세금으로 집이 나갔을 경우에도 제가 부동산 수수료를 내야하는건가요?--> 수수료는 기존 보증금 기준으로 계산 하시고 차액은 임대인이 내셔야 합니다. 참고 하시기 바랍니다
전세,"[부동산 전세 문의]계약 만료전 이사 안녕하세요. 계약 만료전 이사 관련해서 문의 드립니다.제가 계약 기간이 6개월 남아있는 상황에서 부득히 하게 이사를 가게 되었는데요,원래 계약했던 부동산에만 말을 했고, 해당 부동산에서 집주인에게 말을 했다고 해서 기다리는 중인데,집이 안나가서 얼마전에 다시 물어본 결과 전세금을 3천만원이나 올려서 내놓은 것을 알게 되었습니다.1. 제가 부동산 수수료를 내는 상황에서 원래 계약했던 전세금으로는 내놓으면 안되는 상황인가요?2. 집주인 전담 부동산이 아닌 제가 알아봐서 여러 부동산에 내놓으면 안되나요?3. 집주인이 올린 젠세금으로 집이 나갔을 경우에도 제가 부동산 수수료를 내야하는건가요?이자율 때문에 전세가 가뜩이나 안나가서 불안하네요..ㅠㅠ답변 부탁 드리겠습니다.","# 법무법인 대진 | 이동규 변호사# [변호사 프로필보기] | [더 많은 변호사 답변 보기]# 질문글 원문 링크 < 클릭1. 갱신 후 계약 해지 의사표시한 이후 3개월이 지나면 그 효력이 발생하므로 그 때 퇴거를 할 때에는 임차인을 새로 구하거나 부동산 수수료를 물 의무가 없어 보입니다.2. 임대인이 새로운 임차인을 구하지 못해 임차보증금 반환를 못하겠다고 하면 계약 해지 효력일 이후 임차권 등기명령 및 민사소송 진행이 가능합니다. 또한 그 전에 내용증명 등의 방법으로 발생할 구체적인 손해에 관하여 언급할 필요도 있습니다.3.  유사한 사건을 다수 처리한 경험이 있으므로 구체적인 상담 원하시면 언제든지 연락주세요.이동규 드림.# 지식iN 변호사 답변은 로톡과 네이버의 콘텐츠 제휴를 통해 변호사가 직접 정확하고 신뢰할 수 있는 답변을 전달해 드립니다.# 로톡은 법무법인이나 법률사무소가 아니며, 법률사무를 제공하지 않습니다. 모든 법률상담은 로톡을 이용하는 각 변호사 회원이 직접, 독립적으로 수행합니다.-변호사와 의뢰인을 더 가까이, 로톡"
전세,안녕하세요전세계약 기간 내의 전세금 반환 요청 건에 대한 법리적 조언을 구합니다전세계약 거주중이며 전세계약 갱신 청구권 사용한 연장 상태2023.02.06 집주인에게계약 종료 희망 요청 퇴거 요청 시점 5월 까지 기한이며 이전에 가능질문사항 1.전세갱신청구권 사용 시 계약 기간 내 퇴거 시 다른 임차인은 제가 구해야 하는지 2.다른 임차인과 인대인의 계약 시 부동산 수수료 지불의무 주체3. 임대인의 거부 의사 시 계약 종료 방법 및 예상 기간미리 답변 감사드립니다관련태그: 임대차,부동산 전세계약 만료시에는 일반적으로 전세금을 전액 돌려받는 것이 관례입니다. 전세금이 큰 액수일 경우에도 동일한 절차가 적용됩니다. 일부 계약금을 받고 마지막 날에 잔금을 돌려받는 경우는 예외적인 상황일 수 있습니다.항상 행복하고 긍정적인 날만 되시길 바래요
전세,부동산 전세계약 만료로 전세금 돌려받을때집주인한테 미리 일부 계약금을 받고 마지막날에 잔금을 다 돌려받는게 맞나요?아님 전세금 전액을 다 계약 마지막날에 돌려받는게 관례인다요?전세금이 2억이 넘어가는 큰 액수라 다른집 이사갈때 전세금 돌려받는 절차가 보통 어떤지 궁금합니다.,"이 경우 집주인이 새로 바뀐 뒤 계약을 갱신한다 할지라도, 보증금이 동일하면 계약서를 쓸 필요가 없습니다. 새로운 계약서 쓰면 확정일자 소멸하므로 후순위자가 됩니다. 계약서는 보증금 증액 때 변경계약서 아니면 안 쓰는게 좋습니다. ​​​​​​​​​​​​"
전세,제가 2022년 1월 전세 계약을 했습니다 22년 8월에 집주인이 바뀐걸 모르다가 23년 3월 보일러 고장으로 계약했던 집주인에게 전화하니 집주인이 변경되었다는걸 알았습니다.8월에 변경된 집주인은 전세 계약 승계를 동의 했고 저한테 아무도 연락을 안했던 겁니다그래서 23년 3월쯤에 이 사실을 알고 계약서는 새로 작성 안하고 보증보험만 변경 한 상태입니다.질문1.  전세 종료가 24년 1월이라 집주인이 증액 없이 연장하자고 하는데 이때 계약서를 어떻게 작성해야 할지 궁금합니다.질문2. 재계약시 특약사항에 무엇을 넣으면 좋을지 알려주세요,2억 전부 보증보험가입가능합니다.
전세,[],2억 전부 보증보험가입가능합니다.
전세,안녕하세요.집주인이 전세금을 돌려주지 않고 있어 정말 어려운 상황입니다.이러지도 저러지도 못하고 있는데요.아무리 봐도 전세사기가 의심되는데 고소를 진행해도 되는지고소를 하는데 도움을 받아야 하는지 고민됩니다.전세금을 돌려받으려면 어떻게 해야 할까요?,"​안녕하세요.결론부터 말씀드리면, 해당 문자가 법적 효력을 가질 수 있습니다.​임대차 계약은 불요식 행위로서, 구체적인 합의만 있다면 일정한 양식을 필요로 하지 않습니다. ​따라서, 집주인과 세입자가 문자로 임대차 계약 내용을 합의하고, 그에 따라 문자를 주고받았다면, 해당 문자는 법적 효력을 가지게 됩니다.​다만, 만약 문자가 너무 간략하거나, 불명확한 내용이 포함되어 있다면, 법적 분쟁이 발생할 경우, 법원에서 문자의 효력을 인정하지 않을 가능성도 있습니다.​ 따라서, 해당 문자에는 전세금 2억, 역전세 이자의 금액, 지급 시기, 지급 방법 등이 구체적으로 명시되어 있어야 합니다.​​"
전세,"안녕하세요 부동산 전세계약을 재계약하는데 있어서계약금액은 동일하나전에 계약했을 시점보다 전세금이 내려가서집주인이 계약금은 그대로하되월세로 일정액을 주겠다고 하고계약서를 안쓰더라도 문자로 해당내용에 대해 약속하는 문자를 보내주겠다고 한 상태인데요.이럴경우에 해당 문자가 법적 효력을 가질 수 있을까요.예시, 기존 전세계약 3억새로 전세계약 2억다만 3억 그대로하고 나머지 1억에 대해 역전세 이자 지급",보통 이런경우 대서료로 5만원~10만원정도 받는데이건 규정이 있는것이 아니라 주변 부동산 여러곳에 문의해보시고 저렴한곳에서 하시면좋을것 같습니다.
전세,"최근 집주인이 바뀌었고, 주차관련 관리비 문제로 계약서를 다시 작성하기로하였습니다.이때, 부동산을 끼고 계약을 하면, 중개비를 전세금에 맞춰세 내야하나요? 무료로 할 수 있나요?부동산안끼고 하기엔.. 쫌 그래서요..부동산끼면 어느정도 비용이 발생하나요?","부동산 전세계약시 주의사항​​옵션상태, ​집상태 등​이상이 없는지 꼼꼼히 확인하고​계약금 또는 가계약금 보내기 전등기부등본 임대인 과 계좌번호 임대인 맞는지 확인하고​계약내용. 어떤것들 해주기로 한 부분 이런 내용 문서화로 꼭 남겨두고​임대인 계좌로 입금하면 됩니다.​임대인 얼굴보고 신분증 확인하기. 계좌번호 맞는지 확인. 등기부등본 확인​​확인사항들 확인하고계약서 작성하고 확정일자 받고​잔금과 전입신고는 동시이행관계여서​잔금 하고 전입신고 하기.​​혹시 불안하면​​안전장치로 전세보증보험 가입하면 됩니다."
전세,"곧 이사를 하게 되는데요현재 있는 집이 빠져야 다음 이사 가는 집으로 전세금이랑 보낼 수 있는데전세계약시 주의사항 같은거 알려주세요예를 들어서, 등기부등본의 어떤걸 봐야 한다던지 알려주세요",잔금일이 나와야 잔금일 기준 1개월 이내에 전세자금대출 신청합니다. 님의 이사 일정에 따라 빨리 잔금일 확정지으세요
전세,가계약 한 상태입니다. 잔금일 : 11월 3일에서 협의(임대인 이사 날짜 맞춰주는 조건)통화내용으로는 2주가 안 걸릴것으로 소통잔금일이 나와야 버팀목 전세대출이 나오는데 지속적으로 부동산에서 답변을 미루고 있습니다. 이런 경우 가계약 파기가 가능할까요?언제까지 기다리는게 맞는걸까요?,안녕하세요. 서울지방변호사회 소속으로 지식iN 법률상담을 진행하고 있는 정동운 변호사입니다.​원칙상 임대차계약이 만료되지 않은 상황(갱신된 계약 제외)에서는 다른 특별한 사정(임대인의 채무불이행 등)이 없는 한 임차인이 임의로 계약을 해지할 수 없습니다.​결국 임대차계약 기간 중에는 합의 해지를 하는 수밖에 없으며 합의 내용에 따라 임차인이 금전을 부담하는 조건으로 합의되는 경우가 있습니다.​위 사안의 경우 임대인이 100만 원 지급을 조건으로 합의 해지를 해준 것으로 해석될 여지가 있습니다. 다만 이미 계약을 해지하기로 합의하였는데 추후 100만 원을 달라고 하였다면 애초 없던 합의 해지 조건을 제시한 것으로 이에 관한 승낙이 없었으므로 부당이득반환 청구가 가능할 것입니다.​이상과 같이 답변 드립니다. 감사합니다.​변호사 정 동 운 올림.
전세,안녕하세요 제가 재작년에 약 2억원정도되는 전세를 들어갓었는데요 그집에서 11개월 정도 살다가 집을 하나 구입하게 되서집주인한테 집을 내놔도 되냐고 물어보니 그러라고 해서 집을 내놓고 부동산에서 집을 보여주고 집을 계약할 말이 나오기 시작하니 계약기간이 1년이나 남앗다며 다른 세입자를 구해와서 재계약을 하려면 자기가 계약서를 써주는 수고비로 100만원을 요구하더라구요싫으면 그냥 2년을 채워서 살라고 하더라구요당연히 세입자도 제가 구했고 당시 전세를 나가면서 중개 수수료도 제가 지불 했어요당시에는 구입한 집 계약금을 넣은 상태여서 울며 겨자먹기로 100만원을 못받았는데 혹시 부당이득금 반환소송으로 이 돈을 받을수있을까요? 제가 전세집 들어갈때도 집주인은 전 세입자에게 이것 저것 꼬투리를 잡아서 보증금을 덜 주려는 분위기가 있었어요집주인은 빌라를 수십채 가지고 있는 사람이라고 하더라구요,"이게 말이되는소린가요?법적으로 조치불가일까요?계약1달연장 안하면 어떻게 될까요?? 집주인이 전세는 그냥그렇다고 받아드리라고만하네요 해결법좀부탁드립니다. ​<답변> 만기에 맞춰 내줘야 합니다.안 된다고 반박할 수 있지만, 임대인이 한두달 연장해서 봐달라고 하면임차인 입장에서는 어쩔 수가 없습니다.소송 가서 판결문 받고, 그래도 안 주면 경매를 신청해야 하는데,그러면 거의 1년 걸리니 어떻게 해볼 방법이 없습니다.그걸 아니 저 임대인이 시간을 더 달라고 하는 것입니다.한두달 줬는데도 또 더 기다려 달라고 하는게 더 걱정 입니다."
전세,2023년 10월7일 계약만료이고 10월10일까지 은행에 대출금 상환을해야 합니다. (현재 이자 88000원씩나옴)2달전 미리 나간다고 말씀드렸는데 계약만료시점이아닌 10월31일에 집을빼줄수있냐 라고 하면서계약연장1달을 하자고합니다  (이자는 내가부담)나는 다른곳 가야하고 이 대출때문에 다른대출이 안되서 빠르게 빼고싶은데집주인은 통상1~2달은 원래 그렇다고 그냥 1달더 하라고합니다이게 말이되는소린가요?법적으로 조치불가일까요?계약1달연장 안하면 어떻게 될까요?? 집주인이 전세는 그냥그렇다고 받아드리라고만하네요 해결법좀부탁드립니다.,"동생이 재계약에 대한 동의를 문자로 보낸 것은 재계약에 동의한 것으로 간주될 수 있습니다. 하지만, 정식 계약서가 작성되지 않은 상황에서는 상황이 복잡해질 수 있으므로, 동생은 집주인과의 상담을 통해 현재 상황과 원하는 이사에 대한 의견을 상세히 얘기하고 합의점을 찾는 것이 좋습니다. 필요에 따라 법률 전문가와 상담하여 도움을 받을 수도 있습니다.​"
전세,동생이 투룸 전세 살고 있는데 이번에 비가 많이 올 때 누수가 생겨서 집안이 곰팡이로 가득 차서 앞방으로 바꿨는데 그 시점이 전세 만료 2월 전인데 집주인이 그때 꼼수로 전세 재계약 관련 계약을 문자로 보낸 후 동생에게 동의 문자 답변을 보내라고 해서 방을 옮기는데 필요한 절차라며 재계약한다는 내용을 잘 확인하지 않고 동의를 했다는데 이럴 경우 재계약이 성립되는 건가요? 동생은 그때는 그냥 지낼까 했는데 옮긴 집이 기존 집보다 작고 구조가 너무 불편하여 이사를 하고 싶어 하는데 집주인이 문자로 재계약하지 않았느냐고 무슨 소리냐며 당황스럽다고 했다는데 정식 계약서는 아직 작성하지 않았는데 이 경우 어떻게 해결해야 할까요~ 도와주세요~,그럴때 대출을 방해한다고 구청에 민원을 넣었으면 좋았을 텐데요.다른 방법이 뭔지 몰라도 이미 해결은 되었네요.중개료는 주셔야할거에요.  주긴주되 애를 먹이는 수 밖에요.
전세,[],그럴때 대출을 방해한다고 구청에 민원을 넣었으면 좋았을 텐데요.다른 방법이 뭔지 몰라도 이미 해결은 되었네요.중개료는 주셔야할거에요.  주긴주되 애를 먹이는 수 밖에요.
전세,"안녕하세요.혼인신고를 하지 않고 부동산 전세 계약을 하려고 합니다.전세대출도 필요한 상황이라, 약 50%는 A의 앞으로 대출받고, 25%는 A가, 25%는 B가 부담하고 대출원리금은 둘이 반반 부담하여 상환할 예정입니다.이 경우, 부동산 명의를 A 50%, B 50%로 할 경우 증여세 문제가 없을까요?",그럴때 대출을 방해한다고 구청에 민원을 넣었으면 좋았을 텐데요.다른 방법이 뭔지 몰라도 이미 해결은 되었네요.중개료는 주셔야할거에요.  주긴주되 애를 먹이는 수 밖에요.
전세,"안녕하세요  부동산 전세 관련해서 질문 드립니다. - 상황  1. 현재 전세 거주 중이며, 계약 만료일은 23.08 중순임  2. 이사할 신규 전세는 23.06 말 입주로 계약 완료 (잔금일이 6월말)  3. 기존 전세 임대인은 전세보증금을 계약 만료일(23.08중순)에도 신규 세입자가 없으면 주기 어렵다는 입장  4. 기존 전세는 대출이 없으며, 신규 전세는 은행대출(안심전세)을 끼고 진행함  5. 신규 전세 잔금에는 문제 없음 (기존 보증금 없이 잔금완료) - 질문  1. 위 상황에서 기존 전세 계약 만료일(23.08)에 맞춰 임차권 등기를 진행하려는데, 신규 전세에 전입신고를 잔금일(기존 전세 계약만료일 전, 23.06)에 진행해도 기존 전세 임차권 등기에 문제가 없는지  2. 만약 기존 전세 임차권 등기를 위해 신규 전세에 전입신고를 하면 안될 시, 신규 전세 은행대출에는 문제가 없는지위 내용에 대한 답변 주시면 진심으로 감사하겠습니다.추가로 필요한 정보가 있다면 댓글 부탁드립니다.","안녕하세요. 서울지방변호사회 소속으로 지식iN 법률상담을 진행하고 있는 정종욱 변호사입니다.​전세사기 중 대항력의 효력발생시기를 악용하는 전세사기가 있습니다. 주택임대차보호법상 대항력이 전입신고 '다음날' 발생하는 것을 악용하여, 전입신고와 '같은날'에 매매를 하거나 근저당권을 설정하는 방식입니다. 이러한 수법으로 세입자의 대항력을 무력화시키는 사례가 굉장히 많습니다.​최근 세입자들의 소중한 보증금을 떼어먹는 전세사기가 기승을 부리고 있어 세입자들의 각별한 주의가 필요한 상황입니다. 하지만 사기꾼들의 수법이 워낙 교묘하기 때문에 조심을 한다고 하더라도 눈 뜨고 코베이는 식으로 전세사기를 당하기 십상입니다. 전세사기는 수년간 그 수법이 진화되어 왔습니다. ​전세사기에 대처하는 방법으로는 (1) 형사고소, (2) 보증금반환청구소송, (3) 채권추심/강제집행이 있습니다. 이 세 가지 절차가 유기적으로 진행되어야 전세사기 사건에서 피해를 회복할 수 있습니다. 공인중개사가 전세사기에 적극 가담했다면 (4) 공인중개사 및 중개사협회에 대한 손해배상청구도 생각해볼 수 있습니다. ​HUG 등 전세보증보험을 가입하였다고 하더라도, 석연치 않은 이유들로 보증이행을 하지 않는 경우가 허다합니다. 보증보험회사의 입장에서도 세입자에게 보증채무를 이행한 뒤 집주인에게 구상권을 행사하여 보증금을 회수해야 하는데, 집주인으로부터 보증금회수가 불가능할 경우 이는 고스란히 보증보험회사의 손해로 귀속되기 때문입니다. 이 경우 보증금반환에 대한 부담은 고스란히 세입자가 부담하게 됩니다.​최근 유행하는 갭투자 전세사기는 결국 갭투자 사기꾼이 남겨놓은 재산을 피해자들끼리 나눠먹기를 하는 형국으로 귀결되는 경우가 많습니다. 따라서 신속한 법적 조치를 취한 쪽이 그렇지 않은 쪽보다 유리할 수밖에 없습니다. 전세사기는 수년동안 그 형태가 진화해왔고, 그 수법이 사안마다 다르기 때문에 사안에 맞는 적절한 해결책을 찾기를 원하신다면 관련 자료를 지참해 전문 변호사와 상담을 진행해보시는 것이 좋습니다. ​참고하실만한 글을 소개해드립니다. 대항력 효력발생시기 악용한 전세사기 대응방법 및 부동산 전세사기 대응방법에 관해서는 아래 글을 참고하시면 도움이 되실 것입니다.               집주인 변경, 대항력 무력화시키는 전세사기 대응방법은? 대항력 전세사기 대응방법 올라도 너무 오른 부동산 가격으로 인해 거주 불안정을 호소하시는 분들이 많습... blog.naver.com                 [전세사기변호사.com] 전세사기 피해회복 3박자가 잘 맞아야 한다. 전세사기변호사가 알려주는 전세사기 피해회복 방법 세입자들의 소중한 보증금을 떼어먹는 전세사기 사건이... blog.naver.com            ​​​"
전세,"안녕하세요. 전세 매매 같은날 계약하였으며 선순위 갖춘 임차인입니다현재 강제경매 진행할 예정인데 현 임대인의 미납건보료(확정일자보다 앞선)가 1000만원 이상 있다는 것을 알게됐습니다. 저로선 알수가 없던 금액이었기에 이 금액이 온전히 제 손실로 다가온다는게 많이 억울한 상황인데요.​그래서 현 임대인의 과거이력을 추적해보니 사업을 하고있으며(이로 인해 배당 신청때 직원 월급도 분명히 들어올 것 같습니다...), 과거 파산신청, 회생신청을 신청했으나 채권자들에 의해 기각되고 구치소까지 갔다온 것으로 예상됩니다.즉 저로서는 동시계약으로 인해 현 집주인에 대해 자세히 알아볼 수 없었고 신용이 매우 불량한 집주인과 계약하게 된 것이 억울합니다. 전 임대인의 경우 본인의 집을 매도한 것 뿐이기 때문에 고소하는 것이 가능할진 모르겠는데, 부동산의 경우부동산 개업공인중개사는 중개행위를 하는 경우 고의나 과실로 거래당사자에게 재산상의 손해를 발생하게 한 경우에는 그 손해를 배상할 책임이 있습니다(규제「공인중개사법」 제30조제1항).라는 규정에 의해 고소가 가능할거라 생각중입니다.​또한 당시 전 임대인이 시세보다 약간 저렴하게 매도하고, 현 임대인은 정상가격보다 약간 비싼가격에 전세를 내놓음으로써 매매가<전세가 인 굉장히 불합리한 계약이었는데요. 당시 제가 수차례 ""전세 가격이 비싼것 같다"" 라고 이의를 제시했으나, 부동산 측에서는 ""이게 정상가격이고 매매가 급매라 그렇다"" 라는 설득을 하였습니다.(최근 5년 전세 거래가격중 최고가격이며, 통화 녹음했습니다.)​이를 통해 제가 경매에서 손해를 입게될 시 부동산 혹은 전 임대인에게 해당 금액을 어느정도 손해배상을 청부할 수 있는 법률이 있는지 궁금합니다. 그리고 당연하겠지만 계약 당시에도 2019년 서울보증보험에 2억원 지급명령이 있었고, 건보료를 3년이상 연체할정도로 배상능력이 없음에도 무리하게 계약한 현 집주인을 고소할 수 있는지 궁금합니다.","현재 새로운 세입자와 전세계약을하려는데 버팀목대출을해서 들어온다고합니다. 제가 걱정되는건 혹시나 세입자가 대출을못갚거나 혹 문제가생겼을때 집주인인 저한테 피해가올수있는 경우가있을까요??---> 임차인이 전세대출을 함에 있어서 채권양도 계약이나 질권설정 계약을 하는 경우는 임대인에게 설정 통지서가 날아 오므로 그런 경우는 만기시 보증금을 임대인이 은행에 이체하여 임차인의 대출을 갚는 것이므로 그것만 챙기면 되겟지요, 그런 우편을 받으면 임차인에게 보증금을 주어서는 안 되겠지요."
전세,현재 새로운 세입자와 전세계약을하려는데버팀목대출을해서 들어온다고합니다.제가 걱정되는건 혹시나 세입자가 대출을못갚거나혹 문제가생겼을때 집주인인 저한테 피해가올수있는경우가있을까요???? 뉴스보니 세입자가 대출못갚을시 집주인이 상환해야한다는 그런기사들도 보이는데ㅠㅠ 현재 부동산법은 어떻게되는걸까요 ???,"안녕하세요. 답변드립니다.​전세는 한국의 부동산 시장에서 흔히 볼 수 있는 임대 방식 중 하나입니다. 집주인이 전세로 집을 내놓는 이유는 다양한 이유가 있을 수 있습니다. 몇 가지 예를 들어보면:​1. 안정적인 수익 창출: 전세는 한 번에 큰 금액을 받을 수 있기 때문에 집주인은 안정적인 수익을 창출할 수 있습니다. 전세금을 통해 다른 투자를 할 수도 있으며, 월세보다 더 많은 금액을 받을 수 있습니다.​2. 운영 비용 감소: 집주인은 전세로 집을 내놓으면 매달 발생하는 유지 보수 및 관리 비용을 줄일 수 있습니다. 월세로 내놓을 경우에는 집의 유지 보수 및 공과금 등을 지불해야 하지만, 전세로 내놓으면 세입자가 직접 관리하고 유지 보수를 담당할 수 있습니다.​3. 재투자 가능성: 전세로 집을 내놓으면 집주인은 전세금을 투자할 수 있는 기회가 생깁니다. 부동산 외의 다른 투자 분야로 자금을 돌릴 수 있어 더 큰 수익을 기대할 수 있습니다.​4. 상속 및 자산 관리: 전세로 집을 내놓으면 집주인은 부동산을 상속하는 경우에도 월세보다 더 많은 재산을 전달할 수 있습니다. 또한, 부동산 자산을 효과적으로 관리할 수 있어 가계 재정을 안정시킬 수 있습니다.​이렇듯 다양한 이유로 집주인들은 전세로 집을 내놓을 수 있습니다. 하지만, 전세는 세입자에게는 주거 안정성과 장기적인 투자 가능성을 제한할 수 있는 단점이 있으므로 장단점을 고려하여 선택하는 것이 중요합니다.​​도움 되시기 바랍니다."
전세,집주인이 전세로 집을 내놓는 이유가 뭔가요? 전세금으로 투자를 하기 위함 말고는 굳이 왜 전세로 내놓는지 모르겠어요,제가 전세로 2년 계약을 했는데 슬슬 계약기간이 만료 됩니다.올해 3월에 만료가 되는데 부동산가서 재계약을 해야하나요아니면 암묵적계약 연장이라고 이런게 있다고 들었는데어떻게 해야 할 지 잘 모르겠네요.<답변> 묵시적 갱신 되었습니다.동일한 조건으로 2년 살 수 있으니 그냥 놔둬도 됩니다.​​만일 부동산 가세 재계약 하면 비용은 처음 계약당시 만큼 내야할까요?<답변> 다시 쓸 필요 없습니다.다시 쓴다면 대서료 5만원을 지불하면 됩니다.
전세,제가 전세로 2년 계약을 했는데슬슬 계약기간이 만료 됩니다.올해 3월에 만료가 되는데 부동산가서 재계약을 해야하나요아니면 암묵적계약 연장이라고 이런게 있다고 들었는데어떻게 해야 할 지 잘 모르겠네요.만일 부동산 가세 재계약 하면 비용은 처음 계약당시 만큼내야할까요?,처음 계약당시 전입신고 +확정일자를 받았다면 ​이미 그 전세보증금에 대해서는 우선변제권이 확보된것입니다​이 후 재계약을 보증금 증액없이 한다면 기존 확정일자 그대로 유지됩니다​그런데 기존 계약서에 기간을 함부로 바꾸시면 원칙상 안됩니다​새계약서에 다시 작성하시는 겁니다​​요기까지 저의 이야깁니다부산진구 부전동 서면 부전시장 상가점포임대매매 전문 부산 서면 경매전문 부전시장 부동산부산시민공원 촉진 2-1 구역 촉진 3구역 재개발 조합원입주권 전문 우창공인 어동근입니다
전세,부동산 전세계약 2년하고 2년더살려고 기존계약서에 집주인이랑 볼펜으로 다시 2년연장한다고 다시 도장찍었는데 다시 등본때서 근저당확인해야하나요 최초계약시 우선순위 그대로가나요계약다시하면 우선순위 다시밀리나해서요,"답변드립니다요즘 임차권등기가 되어 있는 집이 많습니다이런 집들은 전세 대출을 하지 않는 분들이 들어가셔서 임차권등기명령을 말소하는 하는 수밖에 없는데요불안한 마음 이해합니다구두계약도 효력이 있으나 그래도 서면으로 합의서를 하나 작성하시는것이좋지 않을까요​부동산 임대차 계약금 반환 합의서본인은 귀하와 다음과 같은 내용으로 계약금 반환에 합의하였습니다.귀하께서는 귀하에게 지급한 계약금 중 1,000만원을 2023년 10월 20일까지 귀하에게 지급합니다.귀하께서는 나머지 계약금 1,000만원은 다음 계약자가 구해지면 귀하에게 지급합니다.본인은 위와 같은 내용에 동의하며, 귀하와의 합의에 따라 계약금을 반환할 것을 약속합니다.​2023년 10월 10일(갑) 귀하 (을) 본인위와 같은 서류를 작성할 때는 귀하의 상황에 맞게 내용을 변경하시기 바랍니다."
전세,"올해 9월 27일 전세 계약을 진행하였고 전세금의 10%를 계약금을 넣었습니다 계약 당시 집의 상황은 아래와 같습니다 - 현재 세입자가 임차권등기명령을 걸어놨음 - 특약사항 1. 계약 당일(9/27) 임차권등기명령 말소 절차 진행 - 특약사항 2. 임대인 물건의 하자로 전세자금대출 불가 시 계약금 반환하며 대출 가능여부를 10/6 까지 알리도록 하라위의 상황에서 10월6일 은행방문하여 전세자금대출 신청하였지만 임차권등기명령이 말소되지 않아 전세대출불가하다 하였습니다이에 따라 저는 계약 파기 및 10%의 계약금 반환을 요청하였습니다.문제는 집주인이 자신의 현금 + 9/27에 받은 계약금을 현재 세입자에 반환하는 조건으로 임차권등기명령 해제를 진행했다고 하며, 계약금 반환이 당장 어려우니 다음 계약자가 구해지면 반환하겠다 한 상황입니다.집주인이 계약파기를 거절한 상황도 아니고 돌려주겠다 하였지만 그 일정을 알 수 없어 저도 이사 계획을 할 수 없는 상황이고 또 불안하기도 합니다..여기서 궁금한점은 다음 계약자를 기다리기에는 묶여있는 계약금이 언제 돌아올지 모르는 상황인데 더 빠르게 돌려받기 위한 방법이 있을까요?아니면 돌려받는 기한을 지정할 수 있는 방법이 있을까요?단순 구두 계약으로만 가능한지 무언가의 서류 작성으로 가능한 방법이 있는지도 궁금합니다.",질문에 답변드리겠습니다.1.제가 소송걸었을때 승산이 있을지==> 충분히 승산이 있습니다.2.소송 걸면 기간이 얼마나 걸릴지==> 최소한 1년을 고려해야 합니다.3.변호사 선임까지 비용이 얼마나 나올지==> 기본이 330만원 이상입니다.4.만약 이겼다면 피해 보상을 얼마나 받을 수 있을지==> 임대인이 경제적인 능력이 없다면 사실상 채권을 회수하는데 불가합니다.5.만약 아주만약 진다면 어떤 손해가 따를지==> 보증보험 차액 만큼 경제적인 손실이 예상됩니다.
전세,"얼마전에 제가 깡통전세사기 피해자라고 경찰에서 연락이 왔어요 집주인이 빌라왕 같은 거라고 ..보증금은 1억4천이고 거의 다 대출이에요 그래도 불행중 다행인거 보증보험에 가입했고 돌려 받을 수 있대요 근데 들어보니 원래 1억 2500인집을 속여서 부동산에서 1500 떼어 먹었다고 하더라구요 그리고 집주인이랑 짜고치고 전세사기 가담한거 같더라구요 아직 수사중이구요 원래 내년 5월 만기인집인데 경매 넘어갈 수도 있고 집주인 갑자기 연락 안될까봐 불안하기도 해서 보증보험에 중도상환 신청해서 나가려구요 근데 제가 억울한건 1500에 대한 이자, 집도 미리 빼야하고 또 보증보험 중도 상환 하려면 이것저것 준비 할것도 많구요 또 이사 하여면 돈도 많이 들고요 ..맘고생도 하고 ..제가 이렇게 손해를 왜 봐야되는지 모르겠어요 그래서 부동산에 민사 소송 걸고 싶은데 1.제가 소송걸었을때 승산이 있을지 2.소송 걸면 기간이 얼마나 걸릴지3.변호사 선임까지 비용이 얼마나 나올지4.만약 이겼다면 피해 보상을 얼마나 받을 수 있을지5.만약 아주만약 진다면 어떤 손해가 따를지궁금 해요 ..내공 100 드릴게요 제발 광고 말고 제 질문에 상세히 하나하나 답변 부탁드려요","안녕하세요. 서울지방변호사회 소속으로 지식iN 법률상담을 진행하고 있는 정찬우 변호사입니다.​부동산 거래에서 여러가지 갈등상황이 예기치 못하게 나타나기도 하며, 그 중에서도 임대인과 임차인의 전세관련 분쟁이 끊임없이 발생하고 있는데요.​매매가 아닌 방식으로 소유주가 있는 건물에 일정한 기간동안 일정한 금액을 납부하여 사는 형태를 전세라고 합니다. ​부동산 계약을 할 때는 소유주와 세입자가 직접적으로 약정을 확인한 후 계약서를 작성해야 하며, 특약 사항을 구두로 계약하기 보단 서류로 작성하여 향후 분쟁을 예방할 수 있어야 하는데요. ​만약 집주인이 해당 특약 조항들에 대한 내용을 몰랐다고 주장하며 일방적으로 부동산 파기를 요구하는 경우, 이미 임대인이 그 사실을 알고 있었다는 객관적 증거를 수집해 거래파기를 하는 것은 부당하다는 주장을 해야만 합니다. ​따라서 계약금 및 중도금을 이미 전부 납부했지만, 부동산 중개업자 및 임대인의 일방적 요구로 분쟁이 발생했다면 본 법무법인 법률 대리인에게 부동산전세사기 처벌에 대한 상담 빠르게 받아보시길 바랍니다. ​​☎ 빠르게 사건 문의하기 : 1660-0126                    ​▼ 홈페이지를 통한 예약 접수는 ▼               법무법인(유한) 대륜 법무법인(유한) 대륜입니다. 검찰 출신,경찰 출신,법원 전관출신 변호사와 형사, 이혼, 상속, 부동산, 민사, 도산, 세무, 회계 등 다양한 1... www.daeryunlaw.com            ​"
전세,반려견을 키우고 있는데 반려견을 키워도 된다고 이미 협의가 된 상황에서 갑자기 집주인이 중도에 계약을 파기하자고 요구하고 있어요. 알고보니 부동산 중개업자가 계약건수 높일려고 거짓말을 한거였는데 집주인 입장에서는 전세금을 더 올리는 거 아니면 계약파기 할꺼라고 합니다.지금 집 구할 곳도 없는데 이거 사기 아닌가요?재판소송 시 유리한 방법 찾아요.부동산전세사기 처벌하고 싶은데 조건 있나요?,"안녕 하세요^^​부동산 건축 4위, 건축민원 상담 6위의 지식인북두칠성 입니다​​위 질의하신 부분에 대하여 답변 드리겠습니다**************************************​질문 : 23. 3.7 소유권이전 (3/6매매) 이렇게 되어있더라구요을 근저당설정으로 21.12.6 에 7천 잡혀있구요제가 어떻게 뭘 해야할지 모르겠어요이거 전세사기아닌가요​답변 : 위 상황으로 보면 질문자가 근저당설정보다도 더앞선 1순위 입니다집값에 따라서 질문자가 전부 받을수도 있고 일부 손실을볼수도 있습니다질문자는 집 등기부등본을 떼면 현재 소유권이전된 집주인의 주소를 확인할수 있습니다그러므로 계약기간이 만료되기 3개월전에 내용증명으로계약만료시 나가겠다고 통지해 놓으면 됩니다그런다음 보증금을 안내주면 법원에 임차권등기명령 신청을 하고 법원에 지급명령 신청을 하는 방법이 있습니다​임차권등기명령신청,법률무료상담,구조공단/국번없이132​**************************************​오늘도 즐거운 하루 되시길 바랍니다"
전세,해당 물건은 경매물건으로 집주인A씨가 20년 7월 매각한 물건으로 7/21 소유권이 A씨 개인으로 이전됨이후 본인이 20년 9월 전세계약후 20년 11월 잔금지급 완료 및 확정일자 받음거주기간 내내 집주인이 매매 권유 및 부동산에 매물을 내놓았고 22년 11월 계약만료로 이사나가겠다하니 지금 당장 돈이 어딨겠냐며 더 살것을 권유함하여 본인과 A씨는 만약 23년 10월까지 집이 팔리면 이사비용줄테니 나가는거고 안되면 그냥 내후년(24년) 1월까지만 살기로 하고 자동연장함이후 올해 3월에 본인하는 일이 잘못되서 압류가 들어간 상태인데 해당물건과 상관은 없으니 걱정하지 마라고 함그이후 연락없다가 6월초 갑자기 문자로 하는말이[늦게 전달드려서.죄송합니다.현재살고계신집은다른사람에게 이전되었습니다.국세징수로 압류도 되어있구요~~염려하실필요는 없을듯 하구요~~다음년도1월에 맞추어서 나가시려면.일찍 부동산에 집을 내놓으시면 될것갇습니다~~]이렇게 문자가왔습니다.그러면서 또 저희보고 매매로 내놓아야지 전세로 누가 들어오겠냐하고 변호사 알아보란 소리하고 전화를 받지도 않고 문자로 얘기하랍니다바뀐 집주인 연락처라도 알려달라하니 알려주지도 않구요등기 확인해보니 23.3.7 갑 압류 체납징세과23. 3.7 소유권이전 (3/6매매) 이렇게 되어있더라구요을 근저당설정으로 21.12.6 에 7천 잡혀있구요제가 어떻게 뭘 해야할지 모르겠어요이거 전세사기아닌가요경매넘어가는건 아닌지 걱정도 되구요해결책좀 알려주세요,"민법상 전세 계약의 임대인이 반드시 부동산의 소유자, 즉 집주인일 필요는 없기 때문에 매수인과의 전세 계약이 아예 성립되지 않는 것은 아닙니다. ​매매가 정상적으로 완료되어 매수인이 매도인에게 소유권이전등기를 경료 받고 해당 부동산을 전세 세입자에게 인도하는 경우라면 아무런 문제가 발생하지 않을 것입니다. 하지만 문제는 매매계약이 제대로 이행되지 않는 경우입니다. ​매매계약이 예상치 못하게 해제되거나 매매계약에 취소 혹은 무효 사유가 있는 경우 매수인과 전세 계약을 체결한 후 전세 계약서의 내용대로 계약 이행을 기대하고 이사를 준비하고 있던 세입자로선 이사 계획이 틀어지고 그 사이 전세금이 오르는 등 각종 손해가 발생할 수 있기 때문입니다. 따라서 매매계약이 진행 중인 부동산에 대한 전세계약이나 임대차계약 체결시에는 원칙적으로 현재 부동산등기부등본상 소유자인 매도인과 전세계약서를 작성하되 매수인도 계약에 참여시켜 매매계약으로 소유권이전등기를 경료한 후에는 매수인이 임대인 지위를 승계한다는 조항을 특약으로 명시하는 것이 안전합니다."
전세,전세 계약을 하려고 합니다 저희 이사 날짜는 11월6일인데 거래하려는 매물이 10월17일자로 매매가 됩니다 이 경우 매도인과 계약을 하는게 안전한지 매수인과 하는 것이 안전한지 궁금합니다 또한 각각의 상황에서 주의해야 하는 점이 있다면 무엇인지 또 어떤사항을 확인해 봐야하는지 궁금합니다 그리고 특약사항에는 무엇을 추가하는게 좋을지도 궁금합니다~,"안녕하세요. 서울지방변호사회 소속으로 지식iN 법률상담을 진행하고 있는 최성민 변호사입니다.​​최근 세입자들의 소중한 보증금을 떼어먹는 전세사기가 기승을 부리고 있어 세입자들의 각별한 주의가 필요한 상황입니다. 하지만 사기꾼들의 수법이 워낙 교묘하기 때문에 조심을 한다고 하더라도 눈 뜨고 코베이는 식으로 전세사기를 당하기 십상입니다. 전세사기에 대처하는 방법으로는 (1) 형사고소, (2) 보증금반환청구소송, (3) 채권추심/강제집행이 있습니다. 이 세 가지 절차가 유기적으로 진행되어야 전세사기 사건에서 피해를 회복할 수 있습니다.​전세보증보험을 가입하였다고 하더라도, 석연치 않은 이유들로 보증이행을 하지 않는 경우가 허다합니다. 보증보험회사의 입장에서도 세입자에게 보증채무를 이행한 뒤 집주인에게 구상권을 행사하여 보증금을 회수해야 하는데, 집주인으로부터 보증금회수가 불가능할 경우 이는 고스란히 보증보험회사의 손해로 귀속되기 때문입니다. 이 경우 보증금반환에 대한 부담은 고스란히 세입자가 부담하게 됩니다.​최근 유행하는 갭투자 전세사기는 결국 갭투자 사기꾼이 남겨놓은 재산을 피해자들끼리 나눠먹기를 하는 형국으로 귀결되는 경우가 많습니다. 따라서 신속한 법적 조치를 취한 쪽이 그렇지 않은 쪽보다 유리할 수밖에 없습니다. 전세사기는 수년동안 그 형태가 진화해왔고, 그 수법이 사안마다 다르기 때문에 사안에 맞는 적절한 해결책을 찾기를 원하신다면 관련 자료를 지참해 전문 변호사와 상담을 진행해보시는 것이 좋습니다. ​참고하실만한 글을 소개해드립니다. 부동산 전세사기 대응방법에 관해서는 아래 글을 참고하시면 도움이 되실 것입니다.​              [전세사기변호사.com] 전세사기 피해회복 3박자가 잘 맞아야 한다. 전세사기변호사가 알려주는 전세사기 피해회복 방법 세입자들의 소중한 보증금을 떼어먹는 전세사기 사건이... blog.naver.com            ​"
전세,2019년 4월 계약하여 2021년 묵시적 갱신으로 4년째 살고 있는 세입자입니다. 12월 말 구두상 만기퇴실 통보하였고 확인차 3월초 연락을 하니 돈을 못준다고 합니다.집주인은 방을 내놓지도 않았으며 이리저리 알아보던 중 내용증명은 보낸 상태입니다. 계약서를 다시 확인하던 중 중개사의 과실이 명백한 일종의 전세사기를 당했음을 알게되었습니다. 1. 등기부기재사항에 대한 상세한 안내가 없었음 2. 개업공인중개사 세부확인사항 9번 실제권리관계 또는 공시되지 않은 물건의 권리사항 내용 미기재 제가 궁금한 부분은 본계약 체결 후 묵시적 갱신을 한 경우에도 공인중개사에게 책임을 물을 수 있는지 그리고 공제증서로 저도 보상청구가 가능한지 알고 싶습니다. + 미리 통보를 했음에도 이러지도 못하고 저러지도 못하고시간내어 보고 온 방은 계약되어버리는 등 시간적 정신적 피해가 너무도 큽니다. 돈을 주겠다는 확답을 받지도 못했고 저에게 양해를 구하며 미안해하는 내색은 전혀 없이뻔뻔하고 당당한 이 집주인에게 절대 양보하거나 배려할 마음은 추호도 없습니다. 법적으로 묵시적갱신의 경우 언제든지 퇴실통보를 하고 3개월이 지나면 효력이 생긴다고 하고 중도퇴실을 하더라도 중개수수료를 낼 의무가 없다는 것도 확인했습니다. 부디 도움 주시면 감사하겠습니다.,안녕하세요. 로시컴-네이버 지식iN 상담변호사 유성권 입니다.​대전변호사 유성권 변호사 입니다. ​계약하기 나름이지만 통상 승계되는 보증금채무를 공제하는 방식으로 매매대금 지급방식을 정하게 됩니다. ​                    ​
전세,부동산 관련 궁금한 점 A라는 집주인이 B라는 사람에게 집을 팔아서 B가 집주인이 되었다면 세입자는 나중에 전세 계약이 끝날때 새로 집주인이 된 B에게 전세금을 돌려 받자나요??그렇다면예를 들어 전세금이 1억이라고 치고 집값이 2억이라고 했을때 A와 B가 거래를 할때 B가 A에게 1억만 주고 집을 사는건가요??,"네, 받을 수 있습니다.주택도시보증공사의 전세금반환보증보험은 임대차계약의 중도해지 시에도 보증금을 반환받을 수 있도록 보장하고 있습니다. 따라서, 귀하의 경우, 집주인이 중도해지서를 작성하고, 귀하가 임대차보증금반환청구서를 제출하면, 주택도시보증공사는 보증금을 반환해 드릴 것입니다.다만, 보증금을 전액 반환받을 수 있는 것은 아닙니다. 주택도시보증공사는 보증금에서 다음과 같은 비용을 공제한 후, 귀하에게 지급합니다.보증료임대료 연체료임대차보증금반환청구서 접수수수료임대차보증금반환금 지급수수료구체적인 공제 금액은 보증금의 규모와 임대차계약의 기간 등에 따라 달라질 수 있습니다.귀하의 경우, 보증금이 1억 원이고, 임대차계약이 2년인 경우, 보증료는 약 300만 원, 임대료 연체료는 약 100만 원, 임대차보증금반환청구서 접수수수료는 약 5만 원, 임대차보증금반환금 지급수수료는 약 10만 원입니다. 따라서, 귀하가 받을 수 있는 보증금은 약 8,540만 원입니다.다음은 주택도시보증공사의 전세금반환보증보험의 중도해지에 대한 안내입니다.중도해지 시 보증금 반환 절차임대인과 중도해지 합의임대인과 중도해지서 작성임차인이 임대차보증금반환청구서 작성주택도시보증공사에 임대차보증금반환청구서 제출주택도시보증공사의 보증금 지급중도해지 시 공제 금액보증료임대료 연체료임대차보증금반환청구서 접수수수료임대차보증금반환금 지급수수료귀하의 경우, 집주인이 중도해지서를 작성하고, 귀하가 임대차보증금반환청구서를 제출하면, 주택도시보증공사는 보증금을 반환해 드릴 것입니다.ദ്ദി･ᴗ･̥̥̥)              투자는 전쟁이다  hello-and-hollysicker.tistory.com            ​"
전세,[],"네, 받을 수 있습니다.주택도시보증공사의 전세금반환보증보험은 임대차계약의 중도해지 시에도 보증금을 반환받을 수 있도록 보장하고 있습니다. 따라서, 귀하의 경우, 집주인이 중도해지서를 작성하고, 귀하가 임대차보증금반환청구서를 제출하면, 주택도시보증공사는 보증금을 반환해 드릴 것입니다.다만, 보증금을 전액 반환받을 수 있는 것은 아닙니다. 주택도시보증공사는 보증금에서 다음과 같은 비용을 공제한 후, 귀하에게 지급합니다.보증료임대료 연체료임대차보증금반환청구서 접수수수료임대차보증금반환금 지급수수료구체적인 공제 금액은 보증금의 규모와 임대차계약의 기간 등에 따라 달라질 수 있습니다.귀하의 경우, 보증금이 1억 원이고, 임대차계약이 2년인 경우, 보증료는 약 300만 원, 임대료 연체료는 약 100만 원, 임대차보증금반환청구서 접수수수료는 약 5만 원, 임대차보증금반환금 지급수수료는 약 10만 원입니다. 따라서, 귀하가 받을 수 있는 보증금은 약 8,540만 원입니다.다음은 주택도시보증공사의 전세금반환보증보험의 중도해지에 대한 안내입니다.중도해지 시 보증금 반환 절차임대인과 중도해지 합의임대인과 중도해지서 작성임차인이 임대차보증금반환청구서 작성주택도시보증공사에 임대차보증금반환청구서 제출주택도시보증공사의 보증금 지급중도해지 시 공제 금액보증료임대료 연체료임대차보증금반환청구서 접수수수료임대차보증금반환금 지급수수료귀하의 경우, 집주인이 중도해지서를 작성하고, 귀하가 임대차보증금반환청구서를 제출하면, 주택도시보증공사는 보증금을 반환해 드릴 것입니다.ദ്ദി･ᴗ･̥̥̥)              투자는 전쟁이다  hello-and-hollysicker.tistory.com            ​"
전세,"2022년 8월경 서구에 빌라 전세로 1억2천500에 계약하고 살고있습니다. (현제 매매가 시세 약 8천만원정도)보증보험 가입이 가능한 집으로 약속받았으나 보증보험 가입 불가능상태이고 (전세금이 높아서 전세가율 180%쯤) 계약서 상에는 보증보험 가입 안될시 계약해지 그런 문구는 없으나 카톡내용으로는 특약으로 넣어 주겠다 했었습니다.계약하고 보증보험 가입되게끔 조취를 취해달라 했으나 기다리라는 연락만 받고 어느 순간 집주인은 바뀌어 있고(알고보니 전세 계약하기전 매매 계약도 있더라구요) 바뀐 집주인에게 보증보험 관련 조취를 취해달라 했으나 연락도 엄청 안되고 결국 내용증명을 통해 연락이 닿아 현 집주인이 현시세대로 집 올려놓고 남은 보증금은 처리해주겠다는 약속을 받았으나 다시 연락부재상태이고 심지어 계양세무서에 압류까지 걸려있는상태입니다.... 나중 들어서 보증금 때일까봐 걱정입니다. 현 집주인 얘기 들어보면 임대사업자같은데 저같은 세입자도 많다면 나중들어서 보증금 못받는 상황이 올까봐 걱정입니다.애초에 역전세 빌라이고, 약속한 보증 보험 가입을 위한 처리를 안해주고 (분명 세입자만 맞춰지면 보증보험 가입된다 걱정말고 오라했었음) 전입신고, 확정일자, 전세권설정 (부동산 측에서 보증보험 들기전 안전빵으로 들자해서 들음)잘 되있는 상태이고.집 하자도 생기고 하자보수관련 연락도 안되고 애초에 보증보험 관련 약속이행도 안돼어 전세계약 중도해지 하고싶어 그거 관련해서 집 하자 보수건으로 내용증명 1차례 보낸 상태이며.(반송됨) 앞으로 저는 뭘 어떻게 조취해야할지 모르겠습니다. 하루빨리 중도계약해지하고 보증금 반환을 받고 싶어요.  관련태그: 임대차","안녕하세요. 서울지방변호사회 소속으로 지식iN 법률상담을 진행하고 있는 정종욱 변호사입니다.​​최근 세입자들의 소중한 보증금을 떼어먹는 전세사기가 기승을 부리고 있어 세입자들의 각별한 주의가 필요한 상황입니다. 하지만 사기꾼들의 수법이 워낙 교묘하기 때문에 조심을 한다고 하더라도 눈 뜨고 코베이는 식으로 전세사기를 당하기 십상입니다. 전세사기에 대처하는 방법으로는 (1) 형사고소, (2) 보증금반환청구소송, (3) 채권추심/강제집행이 있습니다. 이 세 가지 절차가 유기적으로 진행되어야 전세사기 사건에서 피해를 회복할 수 있습니다.​HUG 등 전세보증보험을 가입하였다고 하더라도, 석연치 않은 이유들로 보증이행을 하지 않는 경우가 허다합니다. 보증보험회사의 입장에서도 세입자에게 보증채무를 이행한 뒤 집주인에게 구상권을 행사하여 보증금을 회수해야 하는데, 집주인으로부터 보증금회수가 불가능할 경우 이는 고스란히 보증보험회사의 손해로 귀속되기 때문입니다. 이 경우 보증금반환에 대한 부담은 고스란히 세입자가 부담하게 됩니다.​최근 유행하는 갭투자 전세사기는 결국 갭투자 사기꾼이 남겨놓은 재산을 피해자들끼리 나눠먹기를 하는 형국으로 귀결되는 경우가 많습니다. 따라서 신속한 법적 조치를 취한 쪽이 그렇지 않은 쪽보다 유리할 수밖에 없습니다. 전세사기는 수년동안 그 형태가 진화해왔고, 그 수법이 사안마다 다르기 때문에 사안에 맞는 적절한 해결책을 찾기를 원하신다면 관련 자료를 지참해 전문 변호사와 상담을 진행해보시는 것이 좋습니다. ​참고하실만한 글을 소개해드립니다. 부동산 전세사기 대응방법에 관해서는 아래 글을 참고하시면 도움이 되실 것입니다.              [전세사기변호사.com] 전세사기 피해회복 3박자가 잘 맞아야 한다. 전세사기변호사가 알려주는 전세사기 피해회복 방법 세입자들의 소중한 보증금을 떼어먹는 전세사기 사건이... blog.naver.com            ​"
전세,임대인 과 21년 5월31~23년5월30일까지의 전세계약을했습니다.3달전인 2월28일 임대인(대리인) <임대인 누나>에게 연락하여 재계약없다고이야기하고조금있다연락주시겠다고하셔서 알겟다하여 기다리다 4월에 연락하니 임대인의 임대사업자가 파산신청하여서 보증금을 돌려줄수없다고하였습니다. 이상태에서는 사기죄로 고소해서 합의금을 받을수있는지 궁금하고요보증금을 받기위해서 임차권등기명령을 하려고 지금 내용증명을보낸상태입니다.원래 5월에 다른곳이사예정(매매)이지만 그쪽으로 주소이전을하지않은상태로 지낼생각이며현재집은 등기상으론 아무내용도없으며 융자없는 건물이였어요 저도대출없이 현금으로 전세들어간것이였고전입신고와 확정일자를 다받아 대항력은있는상황이고 저의 전세값이 1.57억이고 주변 전세값이 1.8~2억 매매가가 2~2.2 억정도상황인데제가 전세보증금을 다받을수있는 상황인지 아니면 제가 경매를뛰어들어 구매를해야하는것인지도궁금합니다.,"전세를 받을 수 있는 방법이 없다면, 전세계약서를 다시 작성하는 것이 좋습니다. 이전에 작성한 계약서와 동일하게 작성하면 되며, 전세금 영수증 등은 따로 챙겨야 합니다.도움이 되는 답변이었으면 좋겠습니당"
전세,지금 전세3000하고 원룸에서 살고 있는데 몇년이 지나갔어요 요새 집주인이 바꾸면서 제가 전세를 뺄려구 했는데 집주인이 돈이 없다네요 마냥 기다가는것도 그래서 혹시나 무슨 방법이 없을까요 ?전세 받을수 있는 방법 없으면 전세계약서 다시 쓸 생각인데 전에 쓴 계약서는 그때 관리사무실이랑 체결해서 시간이 좀 지났어요 다시 계약을 하면 그냥 전세계약서 를 작성하면 되나요?전에 쓴 계약서 동일하게 작성하면 되나요?따로 머 전세금 영수증머 이런거또 챙겨야 되나요 ?,"네이버의 경우  주택 소유자 이름, 핸드폰 번호, 통신사가 필요하고 주민번호 앞자리는 요구하지 않습니다.​주택 소유자의 경우 회원가입을 하면 직접 네이버 부동산에 등록을 할수 있습니다. 참고 하시기 바랍니다"
전세,안녕하세요동네 부동산에 전세매물 요청했더니 네이버부동산에 올리게 주민번호 앞자리를 알려달라는데 네이버부동산 전세매물 올릴시 주민번호 필요한게 맞나요? 제가 직접 네이버부동산에 등재할수도 있나요?답변주시면 감사하겠습니다.,"질문에 답변드리겟습니다. 공인중개사법에 의하면 계약을 체결한 후 개업공인중개사의 고의, 과실없이 계약을 무효, 취소가 되는 경우에도 중개의뢰인은 중개보수를 부담할 책임이 있습니다. 기타 사항은 개업공인중개사와 협의후 해결해야 하는 사항입니다."
전세,전세집을 알아보다 친구가 전에 살았던 투룸건물 주인이랑 연락을해서 전세집을 보러 갔습니다 보고 나서 계약은 나중에 하겠다 했는데 집주인은 지금 일단 계약하고 나중에 파기해라 제가 돈이 없다는걸 말했고 수수료 줘야하지 않냐 했을때 필요없다 계약금도 나중에 줘라 해서 그 집주인 아는 부동산가서 계약을 했는데 제가 이틀날 안한다고 말하고 넘어갔습니다 근데 부동산에서 전화와서 43만원 중개수수료를 달라 합니다 이런 경우 줘야 하나요? 집주인 아저씨한테 전화했더니 자긴 15만원 줬으니 개네랑은 이젠 거래 안한다고 끊었습니다. 그리고 그 부동산이 저한테 내용증명까지 보냈습니다. 또 전화와서는 15만원만 달라고 하는겁니다 줘야 하는건가요ㅠㅠ 알려주세요,"부동산 전세계약을 위해 법무사를 부른 경우 수수료는 일반적으로 전세금의 일정 비율로 책정됩니다. 일반적으로 부동산 매매 거래의 경우 전세금의 1%에서 2% 정도를 수수료로 받는 것으로 알려져 있습니다.​따라서, 보증금 1억 5천 전세계약의 경우, 수수료는 약 1백만 원에서 3백만 원 정도가 예상됩니다. 다만, 이는 일반적인 기준이며 경우에 따라 법무사의 경험 및 역할에 따라 수수료가 조정될 수 있는 점을 고려해야 합니다.​정확한 수수료 책정은 법무사와 상담하여 결정하는 것이 가장 확실하며, 법무사에 따라 수수료 책정 방식 및 비율이 다를 수 있으므로 이에 대해 부담을 요구하기 전에 상담을 해보는 것을 추천합니다.​​​​"
전세,부동산 전세계약을 위해 법무사님과 함께 동행하고 싶은데요! 수수료가 어떻게 책정되는걸까용 궁금합니다!보증금 1억 5천 빌라전세 매물인데 만약 법무사님 부른다면 얼마정도 수수료가 들까요??,네 크게 문제는 없을것 같습니다 .​
전세,"이번에 전세 계약을 해야하는데매물이 다가구(건물 통째로 집주인 하나, 나머지 전세랑 월세 계약된 형태)입니다.그런데 중기청 대출은 되지만 보증보험이 안된다고 합니다.융자가 있어서 그렇다는데 다가구는 보증보험이 어려운게 일반적인가요? 공인중개사님의 말로는 전세 사기 위험성은 월세 계약과 전세계약의 비중이 중요한데 자기는 적당하다고 본다는데 괜찮을까요?","질문에 답변드리겟습니다.1)혹시나 매수인이 5월 15일에 잔금을 못치룬다면 계약이 파기인가요?==> 계약파기될 가능성이 높습니다. 이러한 경우 매도인은 매수인에게 계약해지절차를 준수해야 하는 만큼 시일이 어느 정도 더 소요될 수도 있습니다.2)계약서 상에는 5월15일에 잔금날이라고 전어두진 않았는데 쌍방 합의하에 잔금일을 떙길 수있다 적혀있어서 제가 5월15일에 모든 (임대인-매수인-부동산)에 통보후 녹음+캡처까지 해놓았습니다. 그럼 5월15일에 무조건 잔금을 치뤄야 하는지 궁금합니다.==> ""합의하 단축""이라는 용어는 서로 협의가 되지 않는다면 날자 만을 가지고 주장할 수는 없습니다.3)혹시라도 이런 이해관계에서 전세 사기가 발생할 수 있는지 궁금합니다. -전세세입자(저) + 현 임대인 + 매수인 + 미래에 생길수도 있는 전세 세입자==> 현재로서는 판단하기가 곤란합니다.4)5월15일에 잔금처리가 안된다면 이사짐은 다시 올리고, 대항력을 계속 가지고 있는게 맞는지 궁금합니다. ( 확정일자 + 전입신고 + 보증보험 ) 안전 장치는 모두 있습니다.==> 5. 15에 잔금처리가 되지 않는다면 전입신고 상태를 유지한 후 키도 넘겨 주지 말아야 점유상태를 인정받을 수가 있습니다.5) 5월 15일에 잔금이 못치뤄 진다면 저는 어떻게 하면 좋을까요.==> 4번 답변을 참고하시기 바랍니다."
전세,"안녕하세요. 부동산 전세계약만료 때문에 문의드립니다.5/26일날 전세계약 만기입니다. 지금 현 집주인에게 2달전 계약 해지 통보를 해둔 상태입니다. 현 집주인은 매매/전세 둘다 집을 내 놓았고 매매로 집이 3/11일에 새로운 매수인에게 팔린상태입니다.매도인 - 매수인 사이에 계약 시 5월30일날까지 잔금을 치룬다고 하고 계약금 일부(3월12일) 1800만원을 저에게 입금을 해주었습니다.계약서상 잔금일을 쌍방 합의하에 떙길 수 있다고 명시가 되어있었습니다.그래서 저는 5월15일에 이사를 나가겠다고 집주인-매수인-부동산에 전부 전달을 해두고 이사짐예약등등 모든 준비를 마친 상태입니다. 그러나 3월 말에 매수인이 전세를 내놓았습니다. 전세 세입자가 아직도 5/6일날까지 구해지지 않는 상태입니다. 매도인-매수인간 계약서 상에는 전세 세입자가 구해저야 잔금을 치룬다는 글이 적혀있지않아서 부동산에서는 5월15일에 무조건 잔금이 치뤄저야 한다고 합니다.1)혹시나 매수인이 5월 15일에 잔금을 못치룬다면 계약이 파기인가요?2)계약서 상에는 5월15일에 잔금날이라고 전어두진 않았는데 쌍방 합의하에 잔금일을 떙길 수있다 적혀있어서 제가 5월15일에 모든 (임대인-매수인-부동산)에 통보후 녹음+캡처까지 해놓았습니다. 그럼 5월15일에 무조건 잔금을 치뤄야 하는지 궁금합니다.3)혹시라도 이런 이해관계에서 전세 사기가 발생할 수 있는지 궁금합니다. -전세세입자(저) + 현 임대인 + 매수인 + 미래에 생길수도 있는 전세 세입자4)5월15일에 잔금처리가 안된다면 이사짐은 다시 올리고, 대항력을 계속 가지고 있는게 맞는지 궁금합니다. ( 확정일자 + 전입신고 + 보증보험 ) 안전 장치는 모두 있습니다.5) 5월 15일에 잔금이 못치뤄 진다면 저는 어떻게 하면 좋을까요.답변 부탁드립니다.","안녕하세요. 서울지방변호사회 소속으로 지식iN 법률상담을 진행하고 있는 정종욱 변호사입니다.​세입자의 소중한 보증금을 편취하는 부동산 전세사기 사건이 급증하고 있어 세입자들의 각별한 주의가 필요한 상황입니다. 부동산 전세사기 유형으로는 (1) 무자본 갭투자 깡통전세, (2) 권리관계 허위고지, (3) 신탁등기 전세사기, (4) 허위 보증보험 가입 등이 있습니다. 부동산 전세사기 사건의 해결책은 유형별로 다르기 때문에 자세한 대응방법은 관련자료를 지참해 전문 변호사와 상담을 진행해보시는 것이 좋습니다. 문의하신 사안의 경우 말씀해주신 사실관계가 불분명하여 정확한 판단이 어렵습니다. ​부동산 전세사기 대응방법에 관해서는 아래 블로그 글을 참고하시면 도움이 되실 것입니다. ​              부동산 전세사기, 부동산전문변호사가 유형별로 정리해보았습니다. 부동산 전세사기 유형별 정리 하루하루 열심히 살아가는 평범한 서민들을 울리는 전세사기가 기승을 부리고... blog.naver.com            ​"
전세,제가 hug안심대출로 전세들어왔는데 계약만료3달정도남았습니다아무도연락이되지않아 이거저거 찾아보고 알아보니 집주인이바뀐후 제가 한적도없는 월세계약에 확정일자가찍혀있더군요 이런상황엔 사문서위조죄로 고소를해야되나요? 정말 막막하고답답합니다... 도와주세요,"안녕하세요. 서울지방변호사회 소속으로 지식iN 법률상담을 진행하고 있는 정종욱 변호사입니다.​​​​금리인상 등으로 최근 전세집이 경매나 압류에 넘어가는 사례가 급증하고 있습니다. 전세집이 경매에 넘어간 경우 먼저 권리분석을 진행해 경매 배당절차에서 보증금 전액을 회수할 수 있는지를 따져보아야 합니다. 대항력있는 선순위 임차인이라면 낙찰자에게 보증금반환을 요구할 수 있기 때문에 상대적으로 안전한 편이지만, 최근 부동산 가격 하락으로 경매가 계속해서 유찰되는 현상이 나타나고 있습니다.​HUG 등 전세보증보험을 가입하였다고 하더라도, 석연치 않은 이유들로 보증이행을 하지 않는 경우가 허다합니다. 보증보험회사의 입장에서도 세입자에게 보증채무를 이행한 뒤 집주인에게 구상권을 행사하여 보증금을 회수해야 하는데, 집주인으로부터 보증금회수가 불가능할 경우 이는 고스란히 보증보험회사의 손해로 귀속되기 때문입니다. 이 경우 보증금반환에 대한 부담은 고스란히 세입자가 부담하게 됩니다.​경매 배당 절차에서 보증금을 반환받지 못할 것이 확실한 경우에는 집주인을 상대로 보증금반환청구소송을 진행하신 후 신속하게 판결문을 확보해 집주인의 다른 재산에 강제집행절차를 진행하셔야 합니다. 경매 절차는 복잡한 편이고 진행과정에서 여러 변수가 많기 때문에, 보다 정확한 상담을 원하시면 관련자료를 지참해 전문 변호사와 상담을 진행해보시는 것이 좋습니다.​전세집이 경매에 넘어가는 현상은 전세사기와 밀접한 관련이 있습니다. 깡통전세는 전형적인 전세사기 유형 중 하나입니다. 최근 세입자들의 소중한 보증금을 떼어먹는 전세사기가 기승을 부리고 있어 세입자들의 각별한 주의가 필요한 상황입니다. 하지만 사기꾼들의 수법이 워낙 교묘하기 때문에 조심을 한다고 하더라도 눈 뜨고 코베이는 식으로 전세사기를 당하기 십상입니다. 전세사기에 대처하는 방법으로는 (1) 형사고소, (2) 보증금반환청구소송, (3) 채권추심/강제집행이 있습니다. 이 세 가지 절차가 유기적으로 진행되어야 전세사기 사건에서 피해를 회복할 수 있습니다.​최근 유행하는 갭투자 전세사기는 결국 갭투자 사기꾼이 남겨놓은 재산을 피해자들끼리 나눠먹기를 하는 형국으로 귀결되는 경우가 많습니다. 따라서 신속한 법적 조치를 취한 쪽이 그렇지 않은 쪽보다 유리할 수밖에 없습니다. 전세사기는 수년동안 그 형태가 진화해왔고, 그 수법이 사안마다 다르기 때문에 사안에 맞는 적절한 해결책을 찾기를 원하신다면 관련 자료를 지참해 전문 변호사와 상담을 진행해보시는 것이 좋습니다.​참고하실만한 글을 소개해드립니다. 전세집이 경매에 넘어간 경우 대응방법, 부동산 전세사기 대응방법에 관해서는 아래 글을 참고하시면 도움이 되실 것입니다.              전세집이 경매에 넘어갔는데 보증금을 반환받으려면 어떻게 해야 하나요? 전세집 경매 보증금반환 안녕하세요. 케이엔파트너스 부동산 법률연구소입니다. 저희 케이엔파트너스 부동... blog.naver.com                 [전세사기변호사.com] 전세사기 피해회복 3박자가 잘 맞아야 한다. 전세사기변호사가 알려주는 전세사기 피해회복 방법 세입자들의 소중한 보증금을 떼어먹는 전세사기 사건이... blog.naver.com            ​"
전세,24년10월 만기 임차인입니다현상황은 집주인3주째 연락두절이고피해 세대가 40세대 입니다. 공지 보고 등기부 확인결과세무서 압류 23.8월입니다.허그 보증보험 가입상태이구요앞으로 진행은 어찌해야하는지 대략 알려주시면 감사하겠습니다,"안녕하세요. 서울지방변호사회 소속으로 지식iN 법률상담을 진행하고 있는 정종욱 변호사입니다.​​최근 세입자들의 소중한 보증금을 떼어먹는 전세사기가 기승을 부리고 있어 세입자들의 각별한 주의가 필요한 상황입니다. 하지만 사기꾼들의 수법이 워낙 교묘하기 때문에 조심을 한다고 하더라도 눈 뜨고 코베이는 식으로 전세사기를 당하기 십상입니다. 전세사기에 대처하는 방법으로는 (1) 형사고소, (2) 보증금반환청구소송, (3) 채권추심/강제집행이 있습니다. 이 세 가지 절차가 유기적으로 진행되어야 전세사기 사건에서 피해를 회복할 수 있습니다.​최근 유행하는 갭투자 전세사기는 결국 갭투자 사기꾼이 남겨놓은 재산을 피해자들끼리 나눠먹기를 하는 형국으로 귀결되는 경우가 많습니다. 따라서 신속한 법적 조치를 취한 쪽이 그렇지 않은 쪽보다 유리할 수밖에 없습니다. 전세사기는 수년동안 그 형태가 진화해왔고, 그 수법이 사안마다 다르기 때문에 사안에 맞는 적절한 해결책을 찾기를 원하신다면 관련 자료를 지참해 전문 변호사와 상담을 진행해보시는 것이 좋습니다. ​참고하실만한 글을 소개해드립니다. 부동산 전세사기 대응방법에 관해서는 아래 글을 참고하시면 도움이 되실 것입니다.              [전세사기변호사.com] 전세사기 피해회복 3박자가 잘 맞아야 한다. 전세사기변호사가 알려주는 전세사기 피해회복 방법 세입자들의 소중한 보증금을 떼어먹는 전세사기 사건이... blog.naver.com            ​"
전세,보통 부동산 끼고 하는걸로 알고있습니다부산에만 봐도 서면쪽에 부동산 소장은 골프치고 놀러다니며 사납금 30~50사이 자격증 대여 (일명 도장만 찍어주는 사람) 해주는사람들 테반이던데그러면 중개보조원들이 중개업무를 한다는건데불법으로 알고있습니다 빌라왕같은 사건은 일명 이런 무자격자들이 판치는 부동산에서 대부분 직방 다방 형태로 이루어지고 있으며그 무자격자 부동산들은 일명 양아치은행 (지점장들이 보수적이지 않은곳) 무차별전세대출 등등을 잘해준다고 합니다 문재인정권때는 기대도 안했는데 윤석열 대통령님 한동훈 법무부장관이 이런부분 손 안대줄까요?빌라왕 제일 기초는 무자격자 뿌리뽑는게 우선 아닐까요 법도 모르고 대출많은 빌라 등등 호구 임차인들 대부분 20~30 전세보증보험 된다는둥 둘러대며 계약 성사 시키면 100만원 받아가며 공인중개사 행세하던데.... 일단 공인중개사 협회부터 조져야할듯 합니다..방법이 없을까요? 혹여 한동훈 장관님 부하직원분들 등등 관계자 님들이 꼭 보셨으면 좋겠습니다변호사 직원들은 월급받고 일하던데솔직히 그냥 일반 부동산 소장들은 능력도 없으니까 최저시급 주는 형태로 법이 변하면 좋을껀데 방법이 없을까요?,안녕하세요. 서울지방변호사회-네이버 지식iN 상담 변호사 정종욱 입니다.​전세집이 경매에 넘어간 경우 대응방법에 관해서는 아래 블로그 글을 참고하시면 도움이 되실 것입니다. ​              전세집이 경매에 넘어갔는데 보증금을 반환받으려면 어떻게 해야 하나요? 전세집 경매 보증금반환 안녕하세요. 케이엔파트너스 부동산 법률연구소입니다. 저희 케이엔파트너스 부동... blog.naver.com            ​
전세,"안녕하세요. 질문사항 있어서 글 남겨요.사건의 개요는 아래와 같습니다.1. '20.8월경 전세 계약 체결(지방)   - 보증금 2천만원   - 전세보증보험은 가입 x   - 저당권 잡혀있었음(1건, 약 9천만원)   - 매매 시세는 1억~1억 2천정도2. '20.8월경(전세 계약 후) 동사무소 및 법원에 직접방문하여 전입신고 및 확정일자 받음3. '21.9월경 경매관련 서류 날라옴. 4. '21.9월 경매서류 받자말자 배당요구신청작성하여 법원에 직접방문함5. 부동산에 문의 해본 결과 경매기간동안 월세 및 관리비 안내도 된다고 함여기서 질문 드리겠습니다.1. 경매가 진행되는 동안 월세 및 관리비를 안내도 되나요?(부동산 말처럼)2. 경매가 완료되면 2천만원 금액을 전부다 받을 수 있나요? 아니면 저당권이 잡혀있는데  일정 비율로 받을 수 있나요?3. 혹여나 경매가 이루어지지 않으면 보증금은 받을 수 없을까요?","안녕하세요. 서울지방변호사회 소속으로 지식iN 법률상담을 진행하고 있는 정종욱 변호사입니다.​​최근 세입자들의 소중한 보증금을 떼어먹는 전세사기가 기승을 부리고 있어 세입자들의 각별한 주의가 필요한 상황입니다. 하지만 사기꾼들의 수법이 워낙 교묘하기 때문에 조심을 한다고 하더라도 눈 뜨고 코베이는 식으로 전세사기를 당하기 십상입니다. 전세사기는 수년간 그 수법이 진화되어 왔습니다. ​전세사기에 대처하는 방법으로는 (1) 형사고소, (2) 보증금반환청구소송, (3) 채권추심/강제집행이 있습니다. 이 세 가지 절차가 유기적으로 진행되어야 전세사기 사건에서 피해를 회복할 수 있습니다. 공인중개사가 전세사기에 적극 가담했다면 (4) 공인중개사 및 중개사협회에 대한 손해배상청구도 생각해볼 수 있습니다. ​HUG 등 전세보증보험을 가입하였다고 하더라도, 석연치 않은 이유들로 보증이행을 하지 않는 경우가 허다합니다. 보증보험회사의 입장에서도 세입자에게 보증채무를 이행한 뒤 집주인에게 구상권을 행사하여 보증금을 회수해야 하는데, 집주인으로부터 보증금회수가 불가능할 경우 이는 고스란히 보증보험회사의 손해로 귀속되기 때문입니다. 이 경우 보증금반환에 대한 부담은 고스란히 세입자가 부담하게 됩니다.​최근 유행하는 갭투자 전세사기는 결국 갭투자 사기꾼이 남겨놓은 재산을 피해자들끼리 나눠먹기를 하는 형국으로 귀결되는 경우가 많습니다. 따라서 신속한 법적 조치를 취한 쪽이 그렇지 않은 쪽보다 유리할 수밖에 없습니다. 전세사기는 수년동안 그 형태가 진화해왔고, 그 수법이 사안마다 다르기 때문에 사안에 맞는 적절한 해결책을 찾기를 원하신다면 관련 자료를 지참해 전문 변호사와 상담을 진행해보시는 것이 좋습니다. ​참고하실만한 글을 소개해드립니다. 부동산 전세사기 대응방법에 관해서는 아래 글을 참고하시면 도움이 되실 것입니다.​              [전세사기변호사.com] 전세사기 피해회복 3박자가 잘 맞아야 한다. 전세사기변호사가 알려주는 전세사기 피해회복 방법 세입자들의 소중한 보증금을 떼어먹는 전세사기 사건이... blog.naver.com            ​"
전세,21년 11월 에 계약을 했고 이번년도 11월이면 계약만기일자입니다 산지 몇개월쯤 되었을때 비가 새더군요 그래서 계약서에 적혀져있던 번호 저장후 연락을 주고받고 오셨었는데 본인이 동생이라더군요 몇채를 관리하는데 형은 서울로 이사를 가서 여기지역은 본인이 관리한다면서요 그래서 아그렇군요 하고 고쳐지지않아서 1년가까이 연락을 주고받고 얼굴뵙기를 여러번 저도 지쳐서 그래 그냥 냅두자 했습니다 근데 부동산에서 얼마전 연락이 오더군요 집주인이 집을 내놨다면서요 근데 연락이 안된다면서 번호 알려달라더군요 저도 전화해봤지만 이미 바뀐번호구요 그랴서 부동산측이랑 전화를 했더니 사실은 이미 2.3월쯤 집을 내놨고 그뒤로 잠수를 탔다는겁니다 자기도 모른다고 저는 뒤늦게 계약서를 찾아봤고 아차 싶었습니다 계약당시 집주인분은 10분본게 다입니다 그 번호는 저랑 연락주고받았던 동생번호구요 그랴서 알고계셨냐 물어보니 탸연하게 아그래요? 하면서 근데 그사람 친동생 아닌데 ..하면서 ...어처구니가없어서 자꾸 경매에 넘기라더군요여기서 제가 궁굼한건1.부동산도 한패인거 같은 느낌인데 물증은 없습니다 .증거가 문자나 녹취록이 있으면 부동산도 책임을 물을수 있는지 2.내용증명 보내고있고 동사무소가서 초본떼면 바뀐주소지가 나온다더군요 그럼 제가 찾아도 돈없다고 하면 어떻게 해야되는지3.경매에 넘겨지면 돈 다 돌려받을수 있는지 (전세1억에 들어왔고 시세가 많이 떨어져서 지금 8천 언저리입니다)은행에서는 일단 묵시적 연장 가능하다고 하는데 저는 그 집에 살고싶지않은데 못갚으면 제 신용에 타격이 크답니다 만기가 남아서 이러지도 저러지도 못하고있어요 어쩌면 좋을까요.....,"안녕하세요. 서울지방변호사회-네이버 지식iN 상담 변호사 김성민 입니다.​-2번 조항과 관련하여 등기부등본을 확인하는 것이 좋을 듯 합니다.​-선순위 근저당권이 있는 지 여부, 없다면 2번 특약은 관용문구일 뿐 아무런 의미가 없습니다. 선순위 근저당권이 있다면, 채권최고액을 제외하고 대출가능금액이 있으며 그 금액으로 대출이 가능합니다. 이에 대한 설명의무를 다하였다는 것을 확인한 특약일 것으로 보입니다​-위험판단은 은행에서 선순위 근저당권 등을 고려하여 할 것으로 보입니다. 다만 선순위 근저당권이 있다면, 대출이 이루어졌을 시에 전세보증보험에 가입하시는 것이 좋을 듯 합니다"
전세,"전세계약을 했는데요, 오늘 대출을 받으러 가니 은행 창구 직원이 특약사항을 읽고 이러한 조항이 있어도 되는 게 맞는지 확인해보라고 하더라구요부동산에 전화했더니 문제 있는 조항은 없다고 하는데 혹시 몰라서요1. 현 시설물 상태에서 임대차한다.2. 임차인은 위 부동산에 존재하는 선순위 권리(근저당, 임차권 등)로 인하여 경매 등이 실행될 경우 임차보증금의 전부 또는 일부를 반환받지 못할 수도 있음을 확인한다.3. 임대할 부분의 면적은 (공부상 전용면적 또는 연면적, 실측면적)이다.4. 기타사항은민법 임대차보호법 및 부동산임대차 계약 일반 관례에 따르기로 한다.5. 임대, 임차인은 계약서 작성을 위한 개인정보활용에 동의한다.6. 첨부서류: 등기사항증명서, 중개대상물확인설명서, 공제증서제가 걱정되는 부분은 2번인데요혹시 문제 발생시 2번때문에 임차인에게 불리하게 작용할까요?","안녕하세요. 서울지방변호사회 소속으로 지식iN 법률상담을 진행하고 있는 최성민 변호사입니다.​최근 세입자들의 소중한 보증금을 떼어먹는 전세사기가 기승을 부리고 있어 세입자들의 각별한 주의가 필요한 상황입니다. 하지만 아무리 조심한다고 하더라도 전세사기 수법이 워낙 교묘하여 눈뜨고 코베이는 식으로 전세사기를 당하는 경우가 허다합니다. 전세사기 사건에 휘말리게 되었을 경우 신속한 법적 조치로 피해회복을 도모하셔야 합니다. 전세사기 사건에 대응하는 방법으로는 형사고소, 보증금반환청구소송, 채권추심이 있습니다. 문의하신 내용이 불분명하여 일반론적인 답변밖에 드릴 수가 없는데, 전세사기 피해회복 방법이 궁금하시다면 아래 블로그 글을 참고하시면 도움이 되실 것입니다. ​              [대치동 부동산전문변호사] 빌라/오피스텔 전세사기, 보증금반환 받을 수 있을까? 빌라/오피스텔 전세사기 보증금반환 깡통전세, 전세사기 사건에 휘말려 소중한 보증금을 잃게 될까봐 노심... blog.naver.com            ​"
전세,[],"안녕하세요. 서울지방변호사회 소속으로 지식iN 법률상담을 진행하고 있는 최성민 변호사입니다.​최근 세입자들의 소중한 보증금을 떼어먹는 전세사기가 기승을 부리고 있어 세입자들의 각별한 주의가 필요한 상황입니다. 하지만 아무리 조심한다고 하더라도 전세사기 수법이 워낙 교묘하여 눈뜨고 코베이는 식으로 전세사기를 당하는 경우가 허다합니다. 전세사기 사건에 휘말리게 되었을 경우 신속한 법적 조치로 피해회복을 도모하셔야 합니다. 전세사기 사건에 대응하는 방법으로는 형사고소, 보증금반환청구소송, 채권추심이 있습니다. 문의하신 내용이 불분명하여 일반론적인 답변밖에 드릴 수가 없는데, 전세사기 피해회복 방법이 궁금하시다면 아래 블로그 글을 참고하시면 도움이 되실 것입니다. ​              [대치동 부동산전문변호사] 빌라/오피스텔 전세사기, 보증금반환 받을 수 있을까? 빌라/오피스텔 전세사기 보증금반환 깡통전세, 전세사기 사건에 휘말려 소중한 보증금을 잃게 될까봐 노심... blog.naver.com            ​"
전세,"지금 기존에 전세 집 2월이 만기인데 집주인의 요청으로 10월 10일 날 미리 이사가는 조건이니전세 자금 +이사 준비금 100만원 =총 7400만원 받기로 했는데요그래서 저는 10월 10일 날 이사 가기로 해서 다른 방 계약(보증금 2000만원, 월세 50)계약하고 계약금 10퍼센트인 200만원 까지 넣은 상태에서그리고 나서 오늘  집주인한테 전화 와서전세 자금 빼줄 돈을 못 구해서 나중에 이사가면 안되냐고 하던데그냥 미리 10월 10일 이전에  집주인이 최대 잔금 치러 질 수 있는 돈 까지 받고 나머지잔금은 집 주인 돈 구하면 받아도 될까요?일단 저는 HUG전세보증보험 가입 된 상태이고요나중에 잔금 받는데 문제 생길 수 있으니 행정복지센터(동사무소)에 사정 말하고새로 갈 집은 잔금 모두 받고 전입신고 해도 될까요?","안녕하세요. 고양 일산 파주 김포, 부동산 전세계약 취소, 손해배상, 부동산 소송 전문 변호사입니다. ​부동산 전세계약 취소시 손해배상 관련 문의하셨습니다. ​1. 임대인의 사정으로 계약 취소시 계약금의 배액을 배상하기로 하였는데 본 계약금 100만원의 배액인지 특약에 기입한 금액을 포함한 700만원의 배액인지 궁금합니다. - 계약금으로 정한 액수의 배액이므로 700만원의 배액입니다.​2. 계약서에 임대인으로 어머니가 추가 서명하여 해당 계약서로는 임차인이 확정일자를 받을 수 없다고합니다. 따라서 계약서를 재작성하자고 하는데 이것을 재작성할 의무가 있는지가 궁금합니다.(임대인은 계약 무효를 원함)- 건물 임대차이므로 건물 소유자인 어머님이 재작성 해 주셔야 할 것으로 보입니다.​온라인 상담의 한계상 구체적인 사실관계를 기초로 하지 않은 답변이므로 참조만 하시기 바랍니다.감사합니다.고양지원앞 법률사무소 율민, 부동산 전세계약 취소 손해배상, 부동산 소송 전문 변호사 이재호, 김광웅 드림."
전세,"부동산 전세 관련하여 궁금한 점이 있어 답변 요청드립니다. 현재 7000만원에 전세계약을 체결한 상태입니다.처음 계약 시 등기부 상 토지가 제 명의(아들), 건물이 어머니 명의로 되어있었습니다.당시 임시계약금 100만원을 제 계좌로 받은 후 공인중개사 측에서 계약서 상에 어머니 서명도 기입하라고 해서 대리로 사인하여 임대인에 저와 어머니 두명이 사인하게 됐습니다. 그리고 특약사항에 건물을 저에게 소유권 이전하여 등기 완료 시 계약금을 지급하기로 했습니다.따라서 -전세금 7000만원-본계약금 100만원-특약사항 등기 완료 시 나머지 계약금 600만원 입금이렇게 계약이 최종 완료되었습니다.현재 등기는 완료하였지만 나머지 계약금은 입금이 안된 상태입니다.여기서 1. 임대인의 사정으로 계약 취소시 계약금의 배액을 배상하기로 하였는데 본 계약금 100만원의 배액인지 특약에 기입한 금액을 포함한 700만원의 배액인지 궁금합니다.2. 계약서에 임대인으로 어머니가 추가 서명하여 해당 계약서로는 임차인이 확정일자를 받을 수 없다고합니다. 따라서 계약서를 재작성하자고 하는데 이것을 재작성할 의무가 있는지가 궁금합니다.(임대인은 계약 무효를 원함)","안녕하세요. 서울지방변호사회 소속으로 지식iN 법률상담을 진행하고 있는 정종욱 변호사입니다.​​최근 세입자들의 소중한 보증금을 떼어먹는 전세사기가 기승을 부리고 있어 세입자들의 각별한 주의가 필요한 상황입니다. 하지만 사기꾼들의 수법이 워낙 교묘하기 때문에 조심을 한다고 하더라도 눈 뜨고 코베이는 식으로 전세사기를 당하기 십상입니다. 전세사기는 수년간 그 수법이 진화되어 왔습니다. ​전세사기에 대처하는 방법으로는 (1) 형사고소, (2) 보증금반환청구소송, (3) 채권추심/강제집행이 있습니다. 이 세 가지 절차가 유기적으로 진행되어야 전세사기 사건에서 피해를 회복할 수 있습니다. 공인중개사가 전세사기에 적극 가담했다면 (4) 공인중개사 및 중개사협회에 대한 손해배상청구도 생각해볼 수 있습니다. ​HUG 등 전세보증보험을 가입하였다고 하더라도, 석연치 않은 이유들로 보증이행을 하지 않는 경우가 허다합니다. 보증보험회사의 입장에서도 세입자에게 보증채무를 이행한 뒤 집주인에게 구상권을 행사하여 보증금을 회수해야 하는데, 집주인으로부터 보증금회수가 불가능할 경우 이는 고스란히 보증보험회사의 손해로 귀속되기 때문입니다. 이 경우 보증금반환에 대한 부담은 고스란히 세입자가 부담하게 됩니다.​최근 유행하는 갭투자 전세사기는 결국 갭투자 사기꾼이 남겨놓은 재산을 피해자들끼리 나눠먹기를 하는 형국으로 귀결되는 경우가 많습니다. 따라서 신속한 법적 조치를 취한 쪽이 그렇지 않은 쪽보다 유리할 수밖에 없습니다. 전세사기는 수년동안 그 형태가 진화해왔고, 그 수법이 사안마다 다르기 때문에 사안에 맞는 적절한 해결책을 찾기를 원하신다면 관련 자료를 지참해 전문 변호사와 상담을 진행해보시는 것이 좋습니다. ​참고하실만한 글을 소개해드립니다. 부동산 전세사기 대응방법에 관해서는 아래 글을 참고하시면 도움이 되실 것입니다.               [전세사기변호사.com] 전세사기 피해회복 3박자가 잘 맞아야 한다. 전세사기변호사가 알려주는 전세사기 피해회복 방법 세입자들의 소중한 보증금을 떼어먹는 전세사기 사건이... blog.naver.com            ​"
전세,안녕하세요 다름이아니라 요즘 전세사기 피해가 많아서 너무 걱정이네요...피해자분들 하루빨리 좋은 결과가 나오면 좋겠네요..제 질문의 요지는요제가 현제 전세로 아파트 거주중인데 올해 4월에 전세기간이 이미 만료가되었어요..그런데 전세기간 동안 청약을 통해 아파트를 구매해서 10월에 입주가 예정되어있거든요~!그래서 집주인분이 4월에 만료되어도 10월 입주 전까지 거주하게 해주셔서 거주중인 상황이에요ㅎㅎ(전세계약서에 명시)그리고 지금 집주인분께서는타지역 LH주공에 집주인분의 부모님(고령)부양으로 뭐 어떻게 거주중인데 이번에 부모님이 돌아가셔서그 자격도 소멸되어 LH에서 방을 빼야된다고해요!... 때문에 제가 세살고있는 집에 실거주 하려고하는데저때문에 10월까지 집주인분도 LH에 계속 살아야하는 난처한 상황에 놓였어요!그런데 10월까지 약속대로 살게해줄테니 걱정말고 대신 본인도 LH에 사정을 설명하고연장을 신청해보니 우선 제가 살고있어도 거주지를 먼저 이전을 해야된다고하네요?제가 세대주인데 제 밑으로 지금 들어와있겠다고합니다!뭐 말대로만 된다면 저야 감사하고 불이익도 없는거 같아서 흔쾌히 알겠다고는 했는데요즘 전세사기니 뭐니 해서 걱정도되고..이게 합법이맞는건지...이게 전세사기 전 전조현상이 아닌지...뭐 심정이 복잡합니다..전세금은 1억2천인데...1억2천을 어디서 구해다 다시 주실지부터...안하던 걱정을 갑자기 하게되네요..복잡하고 걱정스러운 마음에 질문을 드려봅니다..그리고 추가적으로 제가 전세 기간 만료 4개월을 앞둔 상황에서체크하거나 확인해보면 좋은 내용들이있으면 알려주시면 감사하겠습니다..어린나이에 결혼하고 애가 벌써 둘이라니...ㅠㅠ 전세도 처음 전세기간 만료도 처음인데시기가 어수선한 시기에 맞물려서 걱정이 많네요고수님들의 소중한 답변 부탁드리겠습니다!내공도 팍팍드릴게요!,"안녕하세요. 서울지방변호사회 소속으로 지식iN 법률상담을 진행하고 있는 정종욱 변호사입니다.​​최근 세입자들의 소중한 보증금을 떼어먹는 전세사기가 기승을 부리고 있어 세입자들의 각별한 주의가 필요한 상황입니다. 하지만 사기꾼들의 수법이 워낙 교묘하기 때문에 조심을 한다고 하더라도 눈 뜨고 코베이는 식으로 전세사기를 당하기 십상입니다. 전세사기에 대처하는 방법으로는 (1) 형사고소, (2) 보증금반환청구소송, (3) 채권추심/강제집행이 있습니다. 이 세 가지 절차가 유기적으로 진행되어야 전세사기 사건에서 피해를 회복할 수 있습니다.​형사고소를 통해 공인중개사의 공모 사실이 증명된다면 (4) 공인중개사에 대한 손해배상청구가 가능합니다. 중개과실을 이유로 한 손해배상청구는 집주인에 대한 보증금반환청구소송보다는 난이도가 높은 편입니다. 하지만 중개사협회를 상대로 함께 소송이 들어가기 때문에 인용이 된다면 손해를 보전할 수 있는 길이 열리게 됩니다.​HUG 등 전세보증보험을 가입하였다고 하더라도, 석연치 않은 이유들로 보증이행을 하지 않는 경우가 허다합니다. 보증보험회사의 입장에서도 세입자에게 보증채무를 이행한 뒤 집주인에게 구상권을 행사하여 보증금을 회수해야 하는데, 집주인으로부터 보증금회수가 불가능할 경우 이는 고스란히 보증보험회사의 손해로 귀속되기 때문입니다. 이 경우 보증금반환에 대한 부담은 고스란히 세입자가 부담하게 됩니다.​최근 유행하는 갭투자 전세사기는 결국 갭투자 사기꾼이 남겨놓은 재산을 피해자들끼리 나눠먹기를 하는 형국으로 귀결되는 경우가 많습니다. 따라서 신속한 법적 조치를 취한 쪽이 그렇지 않은 쪽보다 유리할 수밖에 없습니다. 전세사기는 수년동안 그 형태가 진화해왔고, 그 수법이 사안마다 다르기 때문에 사안에 맞는 적절한 해결책을 찾기를 원하신다면 관련 자료를 지참해 전문 변호사와 상담을 진행해보시는 것이 좋습니다. ​참고하실만한 글을 소개해드립니다. 부동산 전세사기 대응방법, 공인중개사 중개과실 손해배상청구소송에 관해서는 아래 글을 참고하시면 도움이 되실 것입니다.              [전세사기변호사.com] 전세사기 피해회복 3박자가 잘 맞아야 한다. 전세사기변호사가 알려주는 전세사기 피해회복 방법 세입자들의 소중한 보증금을 떼어먹는 전세사기 사건이... blog.naver.com                 부동산중개사고 공인중개사에 대한 손해배상청구소송, 얼마까지 인정될까? 부동산 중개사고 공인중개사 손해배상청구소송 안녕하세요. 케이엔파트너스 부동산법률연구소입니다. 저희 ... blog.naver.com             ​"
전세,"안녕하세요. 사회 초년생인데 조금이라도 돈을 아껴보자 해서 찾아보다 이번에 전세로 집을 들어가게 되었습니다.집을 알아보면서 공인중개사에게 안전한지 몇번이고 전화하고 방문해서 물어보면서 계약을 했는데요.계약을 하고 나니 뉴스에서 터지는 이야기가 참 많더라구요그런데 현재 계약한 집이 전세사기에 연루되어 뉴스에 나온 집들과 공인중개사와 비슷한 유형인 것 같아요 ㅡㅡ;그래서 이 공인중개사 신고해서 자격정지 시킬 수 있는 지와 집주인이 지금 뉴스에서 나오는 전세사기범들 처럼 잠적하거나 문제 생겼을 때 공인중개사한테 문제를 삼을 수 있을지 궁금합니다.제가 공인중개사에게 물어본 사항은 다음과 같습니다.1. 신축건물이고 근저당이 이 정도 있는데 안전한 집이 맞나? 들어가도 되는 것 맞나? 내가 이러저러 찾아보긴 했는데 확실한지 잘 모르겠다. 여기서만 15년이나 하셨다니 정확히 무슨 문제가 있을지 중개사님이 잘 아시지 않겠냐. 분석좀 해달라- 요즘 근저당 없는 집이 어딨냐 이 나오는 물건들 전부 다 근저당 있는 집들이다, 해당 집은 토지 거래 가격이 이렇고 건물 값까지 합하면 60억대이고 근저당이 이 정도 있다고 해도 문제없다.2. 현재 시장이 좋지 않은 것으로 알고 있다. 계속해서 집값 하락도 될 것 같은데. 해당 물건이 집값 하락이 되거나 만약 경매로 나가게 될 경우를 가정해 봤을 때 보증금을 지킬 수 있는 것이 확실하냐?- 만약 경매로 나가게 되었을 때를 가정해도 ex) 16명의 임차인 1.3억 정도씩이라고 가정해보자 그렇다면 총 금액은 이 정도 금액이고 근저당이 얼마이고 해서 전혀 문제 없다. 다만 안전을 위해서는 당연히 선순위 임차권을 가지기 위해 일찍 입주하는 것이 좋다. 그리고 위치가 너무 좋아서 유찰 되지도 않을거다. 이정도 좋은 매물을 누가 빨리 안사가냐 바로 사간다.3. 정말 ? 이렇게 전세사기 많다고 떠들어 대는데 문제가 없다고 ? 갭 투자 문제가 그렇게 많은데 이 건물이 뭐가 다르냐? 똑같은 것 같은데 ... ????- 지금 전세사기로 나오는 것들은 거진 다주택들이다 건물 전체가 아닌 여러 채를 사서 깡통전세로 갭투자 한 것들이기 때문에 해당 물건이랑 다르다. 그리고 우리 부동산은 그런 문제가 생길 빌라들은 일절 받지 않으니 걱정하지 않으셔도 된다.해당 물건은 그런 빌라들의 유형도 아니고 다가구 주택이기에 건물 전체가 하나의 소유자를 가지고 있는 물건이고 더구나 1층 2층에 상가가 있는 월세 수익을 얻기 위한 확실한 물건이라서 전혀 다른 성격의 물건이다.그리고 신축건물이다. 집주인이 집을 언제 샀고 지금 집을 아예 다시 짓는데 1년이 걸렸다. 깡통전세 하거나 다른 사람한테 팔려고 1년 동안 건물 짓는 멍청한 짓을 했겠냐. 또한 경매로 넘어가면 집주인이 직접 매매해서 파는 것보다 훨씬 적은 수익을 얻을 텐데 그렇게 넘어가게 하겠냐;위와 같이 들었는데 어이가 없는 것이 뉴스에서 보니까 다주택 보다 다가구 주택 전세사기가 전체 퍼센트중 49%를 차지하네요. 와 진짜 그래서 좀 더 찾아보니 요즘 1회 유찰도 아니고 2회 3회 유찰도 많이 되는 것 같더군요 특히 빌라가. 낙찰율이 10%라나 ? 10건 중에 1건 낙찰되는 상황이라는데 근저당이 많은 상태에서 유찰이 2회 3회만 되어도 문제가 심각할 것 같은데?이런 상태에서 아무리 위치가 좋다고 유찰 2번 3번 전혀 안될 거다? 참 어이가 없어서 ㅡㅡ;지금에 와서 생각해보니 집주인이 건물도 몇 채 가지고 있다고 한 것 보니 해당 주택을 기반으로 근저당 설정해서 다주택자 투기처럼 했지 않았을까 싶네요.계약하고 나서 이런 뉴스를 보게 되니 중개 보조원? 인가요 그 역할 했던 사람한테 요즘 경매 상황 관련 낙찰율이 어떻고 유찰이 얼마나 되는지 알고 있는지 물어보니 ""나는 경매 관련해서는 잘 모르겠고 누가 경매 될 거를 생각하고 집을 소개 시켜주냐, 그렇게 따지면 월세도 위험한 것 아니냐? 똑같은거다"" 라는데... 중개 보조원으로 일하는 인간이 요즘 경매 시장이 어떻게 돌아가는지도 모르고 있고 저딴 소리나 뱉고 있네요.전세 사기나 월세 사기나 둘 다 사기라는 것은 똑같지만 전세 사기의 위험성, 타격이 더 큰 것 같은데 아닌가요?중개사에게 이야기 해보니 걱정말라고 안전하다고만 여전히 하고 있네요.처음에 제가 찾아봐도 부동산에 무지하니 당최 무엇이 맞는지 모르겠어서 공인중개사에게 물어보는 것이 확실하다 생각해서 물어보고 믿은건데 미친 행동이었네요얼마나 위험한 상태인지에 대해서는 이야기도 하지 않고 이러저러하니 안전하다고만 하고 현재 시장 상황을 제대로 파악도 못하고 정 반대로 말한 것인지 거짓말한 것인지 모를 공인중개사랑 나보다 부동산에 대해 무식하고 책임감은 전혀 없는 중개 보조원 따위한테 중개를 맡겼다는 것이 열불이 터지네요이야기 했던 것들은 모두 녹음되어 있는데 이 인간들 지금 당장의 불이익과 추후 문제가 생겼을 때의 법적 문제의 책임 소재를 물을 수 있을지 궁금합니다.찾아보면 찾아볼수록 전세 들어간 네가 잘못한 거다. 문제가 생겨도 네가 책임지는 거다. 라는 글들이 많던데. 그래요 조금의 돈이라도 아끼자고 전세를 찾아 들어간 제 잘못도 있습니다. 그래도 사기 치고 거짓말 하는 놈들이 더 잘못되고 벌 받아야 하는 것 아닙니까?그러니까 그거에 대해 이야기 할 분은 답글 다지 말아주시고요. 이미 이것 때문에 스트레스 받아서 다른 일도 손에 안 잡히고 미쳐버릴 것 같으니까요.죽어도 혼자 죽지는 않을 겁니다.","안녕하세요. 서울지방변호사회 소속으로 지식iN 법률상담을 진행하고 있는 정종욱 변호사입니다.​​최근 세입자들의 소중한 보증금을 떼어먹는 전세사기가 기승을 부리고 있어 세입자들의 각별한 주의가 필요한 상황입니다. 하지만 사기꾼들의 수법이 워낙 교묘하기 때문에 조심을 한다고 하더라도 눈 뜨고 코베이는 식으로 전세사기를 당하기 십상입니다. 전세사기에 대처하는 방법으로는 (1) 형사고소, (2) 보증금반환청구소송, (3) 채권추심/강제집행이 있습니다. 이 세 가지 절차가 유기적으로 진행되어야 전세사기 사건에서 피해를 회복할 수 있습니다.​형사고소를 통해 공인중개사의 공모 사실이 증명된다면 (4) 공인중개사에 대한 손해배상청구가 가능합니다. 중개과실을 이유로 한 손해배상청구는 집주인에 대한 보증금반환청구소송보다는 난이도가 높은 편입니다. 하지만 중개사협회를 상대로 함께 소송이 들어가기 때문에 인용이 된다면 손해를 보전할 수 있는 길이 열리게 됩니다.​HUG 등 전세보증보험을 가입하였다고 하더라도, 석연치 않은 이유들로 보증이행을 하지 않는 경우가 허다합니다. 보증보험회사의 입장에서도 세입자에게 보증채무를 이행한 뒤 집주인에게 구상권을 행사하여 보증금을 회수해야 하는데, 집주인으로부터 보증금회수가 불가능할 경우 이는 고스란히 보증보험회사의 손해로 귀속되기 때문입니다. 이 경우 보증금반환에 대한 부담은 고스란히 세입자가 부담하게 됩니다.​최근 유행하는 갭투자 전세사기는 결국 갭투자 사기꾼이 남겨놓은 재산을 피해자들끼리 나눠먹기를 하는 형국으로 귀결되는 경우가 많습니다. 따라서 신속한 법적 조치를 취한 쪽이 그렇지 않은 쪽보다 유리할 수밖에 없습니다. 전세사기는 수년동안 그 형태가 진화해왔고, 그 수법이 사안마다 다르기 때문에 사안에 맞는 적절한 해결책을 찾기를 원하신다면 관련 자료를 지참해 전문 변호사와 상담을 진행해보시는 것이 좋습니다. ​참고하실만한 글을 소개해드립니다. 부동산 전세사기 대응방법, 공인중개사 중개과실 손해배상청구소송에 관해서는 아래 글을 참고하시면 도움이 되실 것입니다.              [전세사기변호사.com] 전세사기 피해회복 3박자가 잘 맞아야 한다. 전세사기변호사가 알려주는 전세사기 피해회복 방법 세입자들의 소중한 보증금을 떼어먹는 전세사기 사건이... blog.naver.com                 부동산중개사고 공인중개사에 대한 손해배상청구소송, 얼마까지 인정될까? 부동산 중개사고 공인중개사 손해배상청구소송 안녕하세요. 케이엔파트너스 부동산법률연구소입니다. 저희 ... blog.naver.com             ​"
전세,"안녕하세요내년 2월이 전세만기입니다.궁금한점은 이 집을 전세->월세로 변경하려고 하는데요임대인, 임차인 모두 변하지 않고 동일하다면이 경우 그냥 개인끼리 부동산 통하지 않고 서류를작성할경우 문제 될게 있을까요?","전 가압류 및 가등기 설정 전)까지 모든 책임을 진다.​두 매물 모두 오피스텔이며 준공된 지 오래된 매물입니다. A매물은 전세가가 매매가의 80%로 비교적 낮은 가격이지만, B매물은 전세가가 매매가의 90% 이상으로 더 높은 가격입니다. B매물은 보증금 보험 가입을 위해 전세가를 낮추었기 때문에 월세 10만원이 추가로 필요하다고 합니다.​두 매물 모두 HUG대출이 가능하고 보증금 보험이 가입되어 있습니다. 또한, 임대인 세금 체납 여부를 확인할 수 있고, 특약사항으로 임대인의 후순위대출(근저당설정) 불가 및 잔금 전 가압류 및 가등기 설정 시 임대인이 모든 책임을 진다는 내용이 포함되어 있다고 합니다.​이러한 조건들을 고려할 때, 상대적으로 안전한 매물이라고 할 수 있습니다. 그러나 부동산 거래는 항상 주의가 필요하며, 실제로 계약을 진행하기 전에 전문가의 조언을 듣는 것이 좋습니다. 또한, 임대인의 신뢰성과 임대 조건을 자세히 조사하고, 계약서의 모든 조항을 신중하게 검토하는 것이 중요합니다."
전세,"서울에서 전세매물 구하는 중인데 궁금한게 있습니다.부동산에서 상담받은 매물이 두개 있는데 둘 다 오피스텔이고 준공된지 각각 8년(A매물), 20년 정도(B매물) 된 매물입니다.A매물은 전세가가 매매가의 80%, B매물은 90% 이상입니다. 두개 다 보증금 보험이 가입되고 HUG대출이 되는 곳입니다. B매물은 보증금 보험 가입을 위해 전세가를 낮췄기때문에 월세 10만원이 추가로 필요하다고 합니다. 두 매물 다 계약 시에 임대인 세금 체납 여부 확인 가능하고 특약사항으로 아래의 내용을 넣어준다고 하는데 안전한 매물일까요?7.임대인은 전세계약 2년 계약기간동안 후순위대출(근저당설정)을 받을 수 없다.8.임대인은 잔금 전 가압류 및 가등기가 설정될시 모든 책임을 진다. -임대인은 임차인 입주일(잔금날)에 전입신고 완료 후 다음날 00시 이후 임대차효력발생시까지 향후 7일간 기타 권리하자 등 을 발생시킬경우   해당 계약은 무효로하며, 계약해지하기로 한다. 9.임대인은 임차인 계약만기일까지 다음세입자가 안구해지더라도 계약만기일에 보증금을 즉시 반환키로한다.10.본 계약은 임대인 의무반환보증보험 가입조건의 계약이며 반드시 가입하기로 한다. (전세보증금 100% 2년가입,   임차인 보증료 25% 부담) 보증보험 가입 불가시 계약금 및 보증금 전액 즉시 반환한다.11.임대인은 임차인의 청년버팀목전세자금대출(HUG)에 적극 협조하며 청년버팀목전세자금대출(HUG) 불가시 계약금 전액 반환하기로 한다.  -임차인은 대출미발생시 내용증빙이 가능하여야한다.13.[부동산거래신고법]에 따라 임대차 신고대상 주택으로,계약 당사자가 계약일로부터 30일안에 신고하도록 안내함.14.상기특약 외의 사항은 주택임대차보호법에 준하며,민법상 계약에 관한 규정 및 일반 부동산 거래관례에 따른다.    추가내용은 임대인과 임차인이 협의하여 처리한다.",전세계약할 때 서류를 개인이하면 복잡하니까 중개인을 통해서 하는경우가많죠그리고 사기를 당할 걱정도 있으니 전문가의 도움을 받는것이구요 보증보험가입은 개인이 할 수 있던데용
전세,안녕하세요 부동산 일을 막 시작한 부린이 입니다.제가 한달 정도 됐는데 모르는게 너무 많습니다.1.전세계약은 왜 중개인이 반드시 필요한가?2.보증보험가입은 누가 가입을 해야하는가?알려주실 분 계신가요..ㅠ 너무 제 자신이 짜증나고 답답해서 올려봅니다그리고 부동산 관련해서 저의 멘토가 되어주실 분 댓글로 남겨주세요 ㅠ 도와주세요,안녕하세요. 서울지방변호사회-네이버 지식iN 상담 변호사 정종욱 입니다.​신탁등기된 부동산은 그렇지 않은 부동산보다 권리관계가 복잡하기 때문에 임대차 계약을 체결하실 때 많은 주의를 기울이셔야 합니다. 신탁등기된 부동산 임대차 계약 체결시 주의사항에 관해서는 아래 블로그 글 참고하시면 도움이 되실 것입니다. ​           [부동산전문변호사] 신탁 등기된 부동산 임대차 계약 체결시 주의사항은? 신탁 등기된 부동산 임대차 계약 체결시 주의사항 안녕하세요. 케이엔파트너스 부동산법률연구소 정종욱 변... blog.naver.com            ​
전세,"이번에 신축 오피스텔 전세계약을 하려고 하는데보니까 해당 물건이 신탁부동산매물이고등기부등본 갑구에 신탁원부라 기재되어 있더라고요그래서 전세계약 절차를 수행하려 하는데임대인(집주인)과 계약을 할 때, 아직 이전등기가 안되어 있기 때문에수탁자(부동산신탁주식회사)의 동의서가 필히 있어야 하는 것을 압니다..그래서 부동산 중개인에게 말했더니그건 다세대만 해당되는 거고아파트 및 오피스텔은 해당이 안된다고 하는데이게 맞는 것인가요???맞는 내용이라면 출처가 어떻게 되는지답변 감사합니다!!(내공100)부린이라 상세한 설명 해주시면 정말 감사합니다ㅠㅠ","전문 상담사 입니다.    정성 스럽게 작성하여 도움이 될 수 있도록 노력 하겠습니다.        질문에 대하여 답변 해드리겠습니다.        부동산 전세 계약에 대해 궁금한 점이 있어서 문의하셨습니다. 전세 계약금 입금 및 계약서 작성이 완료되었으며, 임대차 계약도 신고가 완료되었습니다. 하지만 아직 잔금을 치르기 전에 집주인이 아파트를 매매하려고 부동산 어플에 등록한 것을 알아차리셨습니다. 또한 계약서 작성 시에 집 매매에 대한 정보는 듣지 못하셨습니다.       이런 경우가 흔한지, 전세 계약 진행 중에 매매가 진행되는지에 대해 궁금하신 것 같습니다. 또한 양측 부동산이 아닌 제3 부동산이 매매 등록했는데 해당 사항에 문제가 없는지 궁금하신 것 같습니다. 그리고 본인 부동산에 어떤 내용을 확인해보는 것이 좋을지에 대한 조언을 원하시는 것 같습니다.       전세 계약 진행 중 매매가 이루어지는 경우는 드물지만 발생할 수 있습니다. 보다 안정적인 계약을 위해서는 부동산 관련 법률을 잘 숙지하고 전문가의 도움을 받는 것이 좋습니다. 양측 부동산이 아닌 제3 부동산이 매매 등록한 경우에는 해당 부동산의 신뢰성과 신용도를 확인하는 것이 중요합니다. 부동산 전문가나 법률 전문가의 조언을 듣는 것도 도움이 될 수 있습니다. 또한, 부동산에 등록된 정보와 해당 아파트의 현황, 관련 법규를 확인해보는 것도 좋은 방법입니다.       부동산 전문가 형누님들의 조언을 참고하시면 더욱 좋으실 것입니다. 부동산 계약에 대한 이해와 조언은 전문가에게 맡기는 것이 좋습니다. 감사합니다.        ※답변에 만족하셨다면 채택을 추가로 궁금하신점이 있으시다면 추가질문을 부탁드리겠습니다.※        좋은하루 되세요        https://codetofinance.com/%eb%b6%80%eb%8f%99%ec%82%b0-%ea%b1%b0%eb%9e%98%ea%b4%80%eb%a6%ac-%ec%8b%9c%ec%8a%a4%ed%85%9c-%ec%86%8c%ea%b0%9c/              부동산 거래관리 시스템 소개 부동산의달인 부동산 거래관리 시스템 소개 codetofinance.com            ​"
전세,[],"전문 상담사 입니다.    정성 스럽게 작성하여 도움이 될 수 있도록 노력 하겠습니다.        질문에 대하여 답변 해드리겠습니다.        부동산 전세 계약에 대해 궁금한 점이 있어서 문의하셨습니다. 전세 계약금 입금 및 계약서 작성이 완료되었으며, 임대차 계약도 신고가 완료되었습니다. 하지만 아직 잔금을 치르기 전에 집주인이 아파트를 매매하려고 부동산 어플에 등록한 것을 알아차리셨습니다. 또한 계약서 작성 시에 집 매매에 대한 정보는 듣지 못하셨습니다.       이런 경우가 흔한지, 전세 계약 진행 중에 매매가 진행되는지에 대해 궁금하신 것 같습니다. 또한 양측 부동산이 아닌 제3 부동산이 매매 등록했는데 해당 사항에 문제가 없는지 궁금하신 것 같습니다. 그리고 본인 부동산에 어떤 내용을 확인해보는 것이 좋을지에 대한 조언을 원하시는 것 같습니다.       전세 계약 진행 중 매매가 이루어지는 경우는 드물지만 발생할 수 있습니다. 보다 안정적인 계약을 위해서는 부동산 관련 법률을 잘 숙지하고 전문가의 도움을 받는 것이 좋습니다. 양측 부동산이 아닌 제3 부동산이 매매 등록한 경우에는 해당 부동산의 신뢰성과 신용도를 확인하는 것이 중요합니다. 부동산 전문가나 법률 전문가의 조언을 듣는 것도 도움이 될 수 있습니다. 또한, 부동산에 등록된 정보와 해당 아파트의 현황, 관련 법규를 확인해보는 것도 좋은 방법입니다.       부동산 전문가 형누님들의 조언을 참고하시면 더욱 좋으실 것입니다. 부동산 계약에 대한 이해와 조언은 전문가에게 맡기는 것이 좋습니다. 감사합니다.        ※답변에 만족하셨다면 채택을 추가로 궁금하신점이 있으시다면 추가질문을 부탁드리겠습니다.※        좋은하루 되세요        https://codetofinance.com/%eb%b6%80%eb%8f%99%ec%82%b0-%ea%b1%b0%eb%9e%98%ea%b4%80%eb%a6%ac-%ec%8b%9c%ec%8a%a4%ed%85%9c-%ec%86%8c%ea%b0%9c/              부동산 거래관리 시스템 소개 부동산의달인 부동산 거래관리 시스템 소개 codetofinance.com            ​"
전세,"안녕하세요. 신축 아파트 원 계약자로 저희 어머니가 계약을 하셨었는데, 현재 아파트 관련해서 여러 질문들이 있습니다.현재 계약서에 있는 금액은 은행에서 중도금 대출받은 1억 5천을 제외하곤 잔금까지 전부 완납했습니다.취득세도 해당 시청에서 납부하였는데요, 소유권 이전등기는 9월 중순까지 내야 가산세가 안붙는다고 해서 내려고 했더니 은행에 중도금 대출 상환을 하고 그 증명서를 제출해야 아파트쪽에서 승인을 내주어 그때부터 소유권 이전등기 신청이 가능해지고, 혹은 중도금 대출을 잔금대출로 바꾸어서 중도금 대출 쪽 은행은 상환하고, 잔금대출을 받은 은행으로 서류가 넘어가서 그쪽 법무사를 통해 소유권 이전등기 신청이 가능해진다고 알게되었습니다.이러한 상황에서 해당 아파트를 부동산 통하여 전세로 올려 놓았고 계약하겠다는 사람이 나타났는데이 세입자도 디딤돌 대출을 통하여 돈을 받고, 11월 초 쯤에나 잔금완납이 가능하다고 하더라구요저희는 9월 20일 전까지만 집단 대출이 가능한데 만약 세입자가 계약을 한다고 해놓고 계약을 취소해버리면 해당 대출을 못받게되서 그렇습니다. 저희가 잔금 대출을 받게 되고, 세입자로부터 전세금 잔금을 받아 다시 은행에 잔금대출상환을 하면 중도상환수수료 300정도 나온다고 알고 있는데 계약 취소를 감안해서 일단 신청을 해놓는게 맞을까요? 대출 이후 바로 갚아서 내는 중도상환수수료 300보다 중도금 상환 대출 납기일을 넘겨 연체되는 가산세 + 소유권 이전 등기 가산세 가 더 낮을 것 같긴 합니다.Q1. 이런 상황이면 일단 잔금 대출을 신청하는게 옳을까요? Q2. 또 세입자도 디딤돌 대출을 한다고 했었는데 저희가 은행 잔금 대출을 한다고 해서 심사에 탈락하거나 해서 대출에 불이익이 있을 수 있나요?Q3. 그리고 아파트를 전세로 판매하는 저희 상황에서 소유권 이전등기관련해서 주의할 상황이 있을까요? 저번에 잠깐 월세의 경우는 소유권 이전등기를 세입자 측에서 먼저하면 큰일난다고 들은적이 있어서요..",상관없을꺼예요 은행가서 연장되었다고 하시면 됩니다.아니면 새로운계약서 들고가시면ㅁ 됩니다 .​
전세,원래 계약은 7월까지인데 8월31일 까지로 미뤘었다가 다시 10월 11일로 미루게 되었습니다.첫번째 미뤘을때는 임대인이 부동산에 방문하여 잘 작성했는데 내일 다시 부동산 가서 10월11일로 미뤄야하는데임대인이 방문을 귀찮다고 거절합니다.1. 부동산에선 임대인분이 안오셔도 상관없다고 말씀 하시는데 상관이없나요?2. 전세대출이랑 보증보험 연장해야 되는데 새로운 임대차 계약서를 작성해야되는데 이경우 어떻게 해야하나요?AI 답변은 정중히 거절하겠습니다,"아파트 매매가가 4억9천-5억5천에 올려져 있다면, 전세가 4억 정도라면 비싼 수준이라고 볼 수 있습니다. ​일반적으로 전세가 비율은 매매가의 60% 정도가 안전하다고 볼수있습니다.​즉, 매매가가 4억9천-5억5천이라면 전세가는 2억9천4백만~3억3천만 원 정도가 적절한 수준입니다.​시세가4.9억~5.5억이면 경매시 보증금전액을 못 받을수도있습니다."
전세,"신혼부부라 이번에 전세집을 구하려고합니다그런데 아직 많이 무지해서 질문드립니다아파트 현재 매매가가 4억9천-5억5천 올려져 있는게 전세가 4억정도라면 비싼 수준인가요? 만약 그리고 최악으로 가정해서 집이 경매로 넘어간다고하면, 보증금을 돌려받을 수 있는 안전한 수준인지 궁금합니다.","안녕하세요. 서울지방변호사회-네이버 지식iN 상담 변호사 정종욱 입니다.​​금리인상 등으로 최근 전세집이 경매에 넘어가는 사례가 급증하고 있습니다. 전세집이 경매에 넘어간 경우 먼저 권리분석을 진행해 경매 배당절차에서 보증금 전액을 회수할 수 있는지를 따져보아야 합니다. 대항력있는 선순위 임차인이라면 낙찰자에게 보증금반환을 요구할 수 있기 때문에 상대적으로 안전한 편이지만, 최근 부동산 가격 하락으로 경매가 계속해서 유찰되는 현상이 나타나고 있습니다.​전세보증금보험을 가입하였다고 하더라도, 석연치 않은 이유들로 보증이행을 하지 않는 경우가 허다합니다. 보증보험회사의 입장에서도 세입자에게 보증채무를 이행한 뒤 집주인에게 구상권을 행사하여 보증금을 회수해야 하는데, 집주인으로부터 보증금회수가 불가능할 경우 이는 고스란히 보증보험회사의 손해로 귀속되기 때문입니다. 이 경우 보증금반환에 대한 부담은 고스란히 세입자가 부담하게 됩니다.​경매 배당 절차에서 보증금을 반환받지 못할 것이 확실한 경우에는 집주인을 상대로 보증금반환청구소송을 진행하신 후 신속하게 판결문을 확보해 집주인의 다른 재산에 강제집행절차를 진행하셔야 합니다. 경매 절차는 복잡한 편이고 진행과정에서 여러 변수가 많기 때문에, 보다 정확한 상담을 원하시면 관련자료를 지참해 전문 변호사와 상담을 진행해보시는 것이 좋습니다.​전세집이 경매에 넘어가는 깡통전세는 전세사기와 밀접한 관련이 있습니다. 최근 세입자들의 소중한 보증금을 떼어먹는 전세사기가 기승을 부리고 있어 세입자들의 각별한 주의가 필요한 상황입니다. 하지만 사기꾼들의 수법이 워낙 교묘하기 때문에 조심을 한다고 하더라도 눈 뜨고 코베이는 식으로 전세사기를 당하기 십상입니다. 전세사기에 대처하는 방법으로는 (1) 형사고소, (2) 보증금반환청구소송, (3) 채권추심/강제집행이 있습니다. 이 세 가지 절차가 유기적으로 진행되어야 전세사기 사건에서 피해를 회복할 수 있습니다.​최근 유행하는 갭투자 전세사기는 결국 갭투자 사기꾼이 남겨놓은 재산을 피해자들끼리 나눠먹기를 하는 형국으로 귀결되는 경우가 많습니다. 따라서 신속한 법적 조치를 취한 쪽이 그렇지 않은 쪽보다 유리할 수밖에 없습니다. 전세사기는 수년동안 그 형태가 진화해왔고, 그 수법이 사안마다 다르기 때문에 사안에 맞는 적절한 해결책을 찾기를 원하신다면 관련 자료를 지참해 전문 변호사와 상담을 진행해보시는 것이 좋습니다. ​참고하실만한 글을 소개해드립니다. 전세집이 경매에 넘어간 경우 대응방법, 부동산 전세사기 대응방법에 관해서는 아래 글을 참고하시면 도움이 되실 것입니다.​              전세집이 경매에 넘어갔는데 보증금을 반환받으려면 어떻게 해야 하나요? 전세집 경매 보증금반환 안녕하세요. 케이엔파트너스 부동산 법률연구소입니다. 저희 케이엔파트너스 부동... blog.naver.com                 [전세사기변호사.com] 전세사기 피해회복 3박자가 잘 맞아야 한다. 전세사기변호사가 알려주는 전세사기 피해회복 방법 세입자들의 소중한 보증금을 떼어먹는 전세사기 사건이... blog.naver.com            ​"
전세,"신축빌라에 2020.8월경 전세세입자로 입주하고 나서 1년이지난뒤에야 깡통전세인걸 알았습니다. 분양당시 매매가 3억2900만원           전세가 3억2900만원 이였고 전세 3억2900만원 으로 안심전세대출(90%대출)을 이용해 입주하였습니다.2021.1월 중순 조금 안된시점에 집주인이 바뀌었습니다.찾아보니 전형적인 건축주와 분양사무실과 바지사장을 이용한 무갭투기 깡통전세사기 인걸 인지하여부동산 등기를 확인해보았고현재상황은 이러합니다.입주하고나서 바로 전입신고 및 확정일자를 받았고, 그이전 을구에 있던 저당권설정은그이전 건축주(집주인)의 건축당시 은행대출로 보이고,계약서에 말소조건으로 기재후입주하였고 얼마안있어서 바로 말소되었습니다.그리고 몇달뒤에 집주인이 바뀌었습니다.현재갑구에 새로바뀐 집주인(바지사장) 앞으로 압류가 건강보험공단 및 지자체징수과 압류가들어와있고,전입신고 및 확정일자는 입주와동시에 했고,지금도 거주하고있고 한번도 전출을 한이력이없습니다그이후 집주인변경 및 새집주인 압류가 들어왔으므로다행히 저는 대항력있는 선순위 임차인으로 보입니다.을구에는 현재는 아무것도 없습니다.현재 전세 만기가 7개월 정도남은 상황이고,부동산 경매 예정통지서(현재바지사장집주인앞으로)온 통지서를 받게되었는데아마도 만기이전에 집이 경매로 넘어갈것같다고 판단됩니다.-------여기서부터 질문입니다. 1.제가알기로 집이 경매에 넘어가도 신축빌라이므로 현재 공시가가 2억3700 나옵니다(시세조회)그러면 감정가가 어떻게 될지는몰라도 2억~2억5천사이로 예상되는데이경우에 대항력있는 선순위 임차인인 제 보증금 3억2900만원보다도 낙찰가액이 적으므로제가 배당요구를 하든하지않든 분명 무한 유찰이 될것으로 보이고,그이전에 나머지후순위채권자가신청한 경매일경우 대항력있는 선순위임차인인 제가 존재하는한말소기준권리가 저의 임차보증금이 될텐데 경매가가 3억2900만원 이상이 되지않으면 무잉여기각이 될게 뻔한 상황인데이런경우에는 임차인인 제가 보증금반환소송 및 강제경매 신청후에입찰을 하고나서 낙찰가액과 배당액을 상계처리하면서인수할수 있다고 알고있는데요제가 강제경매를 신청후에 계속유찰시키면서 가장 저렴한금액으로 낙찰받아서구입하는게 나은지 아니면 첫회차에 바로 낙찰받는게 나은지 궁금합니다.2.현재 안심전세대출을 이용하고 있으므로낙찰받는순간 유주택자가 되어 안심전세대출을 일시납상환 하게되는걸로 알고있는데낙찰금액이야 상계처리하면 된다고하지만전세금상환하게 될시 어떻게 처리해야 할까요..? 이미 보유한 주택은주택담보대출도 많이 안나오는걸로 알고있습니다..3.아니면 제가 강제경매를 하지않고,채권자가 경매진행을 해도 무잉여기각이안나올수도 있을까요?4.종합적으로 봤을때 보증금 최대회수 및 이상황을 현명하게 넘길수있는 방법은 없을까요..?정말 전문가분들의 고견을 진심으로 여쭙숩니다 ..내공 많이 겁니다!!","안녕하세요. 서울지방변호사회-네이버 지식iN 상담 변호사 정종욱 입니다.​​금리인상 등으로 최근 전세집이 경매에 넘어가는 사례가 급증하고 있습니다. 전세집이 경매에 넘어간 경우 먼저 권리분석을 진행해 경매 배당절차에서 보증금 전액을 회수할 수 있는지를 따져보아야 합니다. 대항력있는 선순위 임차인이라면 낙찰자에게 보증금반환을 요구할 수 있기 때문에 상대적으로 안전한 편이지만, 최근 부동산 가격 하락으로 경매가 계속해서 유찰되는 현상이 나타나고 있습니다.​전세보증금보험을 가입하였다고 하더라도, 석연치 않은 이유들로 보증이행을 하지 않는 경우가 허다합니다. 보증보험회사의 입장에서도 세입자에게 보증채무를 이행한 뒤 집주인에게 구상권을 행사하여 보증금을 회수해야 하는데, 집주인으로부터 보증금회수가 불가능할 경우 이는 고스란히 보증보험회사의 손해로 귀속되기 때문입니다. 이 경우 보증금반환에 대한 부담은 고스란히 세입자가 부담하게 됩니다.​경매 배당 절차에서 보증금을 반환받지 못할 것이 확실한 경우에는 집주인을 상대로 보증금반환청구소송을 진행하신 후 신속하게 판결문을 확보해 집주인의 다른 재산에 강제집행절차를 진행하셔야 합니다. 경매 절차는 복잡한 편이고 진행과정에서 여러 변수가 많기 때문에, 보다 정확한 상담을 원하시면 관련자료를 지참해 전문 변호사와 상담을 진행해보시는 것이 좋습니다.​전세집이 경매에 넘어가는 깡통전세는 전세사기와 밀접한 관련이 있습니다. 최근 세입자들의 소중한 보증금을 떼어먹는 전세사기가 기승을 부리고 있어 세입자들의 각별한 주의가 필요한 상황입니다. 하지만 사기꾼들의 수법이 워낙 교묘하기 때문에 조심을 한다고 하더라도 눈 뜨고 코베이는 식으로 전세사기를 당하기 십상입니다. 전세사기에 대처하는 방법으로는 (1) 형사고소, (2) 보증금반환청구소송, (3) 채권추심/강제집행이 있습니다. 이 세 가지 절차가 유기적으로 진행되어야 전세사기 사건에서 피해를 회복할 수 있습니다.​최근 유행하는 갭투자 전세사기는 결국 갭투자 사기꾼이 남겨놓은 재산을 피해자들끼리 나눠먹기를 하는 형국으로 귀결되는 경우가 많습니다. 따라서 신속한 법적 조치를 취한 쪽이 그렇지 않은 쪽보다 유리할 수밖에 없습니다. 전세사기는 수년동안 그 형태가 진화해왔고, 그 수법이 사안마다 다르기 때문에 사안에 맞는 적절한 해결책을 찾기를 원하신다면 관련 자료를 지참해 전문 변호사와 상담을 진행해보시는 것이 좋습니다. ​참고하실만한 글을 소개해드립니다. 전세집이 경매에 넘어간 경우 대응방법, 부동산 전세사기 대응방법에 관해서는 아래 글을 참고하시면 도움이 되실 것입니다.​              전세집이 경매에 넘어갔는데 보증금을 반환받으려면 어떻게 해야 하나요? 전세집 경매 보증금반환 안녕하세요. 케이엔파트너스 부동산 법률연구소입니다. 저희 케이엔파트너스 부동... blog.naver.com                 [전세사기변호사.com] 전세사기 피해회복 3박자가 잘 맞아야 한다. 전세사기변호사가 알려주는 전세사기 피해회복 방법 세입자들의 소중한 보증금을 떼어먹는 전세사기 사건이... blog.naver.com            ​"
전세,집을 나가고자해서 알아보는 중인데요청년전월세대출이 있더라구요전세로가면 살만하지싶어서 관심이가는데이런쪽 지식이 아무것도 없습니다부동산에 청년대출을 받고싶다하면 절차나 세부사항을 안내해주시나요?전세로 살게된다면 신고절차등은 무엇을 해야하나요?또 특별히 무엇의 주의해야하거나 알아야하나요?,"안녕하세요. 서울지방변호사회-네이버 지식iN 상담 변호사 정종욱 입니다.​말씀하신 사안은 등기부등본, 주민등록초본, 임대차 계약서 등을 보아야 정확하게 판단이 가능할 것으로 보입니다. 자세한 상담을 원하시면 관련 자료를 지참해 전문 변호사와 상담을 진행하시는 것이 좋습니다. 갭투자로 다수의 부동산을 소유한 집주인에게 전세보증금을 떼이는 사례가 늘어나고 있습니다. 신속한 보증금 반환을 위해서는 필요한 법적 조치를 취하시는 것이 좋습니다. ​갭투자 전세사기 대응방법에 관해서는 아래 블로그 글을 참고하시면 도움이 되실 것입니다. ​              갭투자 전세 사기 대처방법은? 갭투자 전세사기 전세를 끼고 주택을 구입 후 시세가 올라가면 주택을 팔아 차익을 남기는 방법을 갭투자라... blog.naver.com            ​"
전세,"2억 8천 오피스텔 전세로 들어왔고, 계약 당시 건물 등기부등본에 가압류나 근저당 없었습니다. 그 후, 확정일자랑 전입신고 다 했고요.4월이면 전세 계약이 끝나는데 집주인이 집 180채를 보유했고 그에 대한 세금 약 16억 이상을 못 냈습니다.전 4월 3일날 계약을 했고, 등기사항전부증명서를 보니 갑구 소유권 이전이 됐더라고요. (접수 2020년 4월 20일) -  등시원인 4월 1일 매매입니다.1. 제가 전세를 할 당시(4월 3일) 소유주는 A였는데 그 전 날(4월 1일)에 매매가 됐으면 A가 아니라 B가 소유주여야 하는 게 아닌가요?2. 소유권 이전 접수날인 20일 전에 확정일자랑 전입신고를 했으니 등기원인 이유와 상관없이 경매시 대항력있는 선순위 임차권이 되는 것인가요?","안녕하세요. 서울지방변호사회-네이버 지식iN 상담 변호사 엄정숙 입니다.대한변호사협회에 '부동산' 전문분야로 공식등록(제2013-72호, 제2013-71호)되어있는 '부동산 전문변호사'입니다.​내가 전세로 계약하려는 집이 매매와 동시에 이뤄지고 있다면 매도인과 전세 계약을 해야 합니다. 통상적으로 매수자와 하는 경우도 있지만 매매계약이 파기가 될 수도 있고 계약금만 지불한 상황이라면 계약의 해제도 가능하기 때문에 매수인과의 계약은 전세입자 입장에서도 위험할 수 있습니다. 따라서 전세 계약 당시의 소유자인 매도인과 계약을 하고 잔금도 매도인과 진행해야 합니다.​매매가 이루어지더라도 전세보증금을 안전하게 지키는 방법은 전세금반환보증보험에 가입하기를 추천합니다.  혹시나 계약만료 시 전세보증금을 임대인이 돌려주지 못할 상황이라도 보증 기관에서 대신 돌려주는 형태이므로 좀 더 안심하고 계약을 할 수 있을 것입니다. ​잔금과 동시에 전입신고와 확정일자를 받아두어야 되며 잔금일에 매수인이 근저당을 설정하지 않도록 계약시 특약사항에 넣을 수 있으면 좋고 그렇지 않더라도 전입신고 이후에 등기부등본을 한 번 더 확인하는 편이 좋습니다.​매도인과 전세계약을 하더라도 매매계약을 하게 되면 전세 관련해서도 의무와 권리를 포괄승계를 하게 되지만 전세입자의 경우 매수인의 인적 사항은 모르기 때문에 불안할 수 있습니다. 그래서 잔금 시 매수인과 전세 계약을 새롭게 하는 방법도 고려해 볼 수 있습니다. 전세 계약을 할 때 이러한 부분에 대해 미리 협의를 하여 특약사항에 반영을 한다면 가장 확실한 방법이 될 것입니다. ​계약서 등의 소송에 필요한 명확한 입증자료들을 보지 않고 설명 드린 것이기에 저의 답변은 참고용 정도로만 활용하시기 바랍니다.​참고글입니다. 계약 후 임대인이 바뀔 경우 전세보증금반환에 대한 정보가 담긴 블로그글입니다. 참고하시면 도움이 되실겁니다.​              전세보증금 반환, 집주인이 바뀌면 어쩌지? 임대차기간이 종료되면 세입자는 건물주에게 전세보증금을 반환 받는 것쯤은 누구나 알고 있는 사실입니다.... blog.naver.com            ​"
전세,"월세가 너무 부담되서 전세로 옮겼는데요.전세계약을 했고, 청년전세자금대출 받아서 내일이 대출금 나오는 날, 즉 잔금 치르고 입주하는 날입니다.오늘 이사할집 청소하고 있는데, 갑자기 누가 비번을 누르고 들어오더니 매매내놓은 부동산이라는데 이게 무슨 말인가 싶어 중개인에게 확인요청을 했습니다.그런데 집주인이 바뀐다는 이야기를 하시더군요.집보기 전, 집 볼때, 계약서 작성 전 후, 그리고 2주가 넘은 지금까지 어떠한 말도 없다가 갑자기 전세끼고 매매들어간 집이었다고 하시는데..거의 사기당한 기분입니다.진작 말씀해주셔야 하는 부분아니었냐고 따지니 본인도 몰랐다고 하는데.. 이중계약?으로 다른 부동산가서 계약서 작성하기는 했습니다만 아무리 그래도 중개사가 모른다는게 말이 되나요? 그리고 그 부동산에서는 당연히 사전에 고지해줘야 하는 부분 아닌가요? 악의적으로 말하지 않았다라고밖에는 생각이 들지 않네요.집주인께 아무리 연락해도 받지 않으셨고, 저희 아빠와 남자친구 번호는 받으시더라구요? 남자친구가 집주인께 여쭤보니 이미 작년 11월에 매매계약서를 작성했고 매매하실 새 집주인분이 돈이 없어 아직 잔금은 못치루고 전세를 끼고 계약하기로 했다고 하네요. 내일 동시계약을 할 예정이었다구요. 저는 등기부등본 확인했을때 현집주인이 맞았고, 전혀 그런 사실을 듣지 못했기때문에 상상도 못했습니다.전혀 몰랐고 알았다면 계약하지 않았을거에요. 당장 내일인데, 낼 아침 은행 달려가서 대출 막아야 하는건지계약 깨면 계약금은 돌려받을 수 있는건지이게 안전한 계약인지, 제가 설명받지 못한 부분은 어떻게 책임을 물고 피해보상받을수 있는지.. 하나하나 다 알고싶습니다. 너무 화가나고 어이가 없어서 잠도 안와요.제가 1순위가 되게 각서를 써주겠다며안전하니 걱정하지 말라는 말만 계속 하는데 그냥 이제 믿을수가 없습니다. 제가 새집 청소하다가 그 부동산 중개인분을 만나지도 않았다면 저는 아무것도 모르고 당했을거잖아요?잔금도 그냥 열시전에만 보내면 된다고 부동산 안나와도 된다고 하더니.. 저는 호구였네요.당장 내일이 잔금 치르는 날이고, 지금 사는 집도 낼 모레까지 빼기로 했는데.. 제가 여기서 어떻게 해야 하는걸까요1. 내일아침 대출 막고 계약 파기할 경우사전에 설명을 듣지 못했고, 중개업자는 설명의무를 다하지 않았으므로 계약금 일부나 보상을 받을 수 있나요? 혹은 소송으로라도 계약금을 받을 수 있을까요?2. 계약파기할 경우현재 거주하는 집에서는 기존 계약 만료기간까지 있어도 될까요? 계약 만료일은 일주일정도 남았으나 제가 집을 빼기로 한 날 다음 세입자가 바로 들어오게 될 상황입니다. 다음 세입자의 중개인도 같은 중개인이구요.2. 계약할 경우이미 매매계약은 전세계약보다 먼저 한것 같아요. (이부분도 중개인은 끝까지 설명없었고, 집주인 통해 알게됨) 그러나 등기부등본 상에는 현 집주인이 기재되어 있는데, 제가 내일 전입신고를 하면 1순위가 되는게 맞나요?3. 계약 후 , 새로운 집주인과 계약서를 다시 작성해야 한다는데 알아보니 그게 오히려 불리하다는 말도 있어서요. 꼭 새로 작성해야 하나요? 새로 작성할 경우, 이전의 전입신고 확정일자 받은 1순위는 사라지나요4. 중개인저에게 어떠한 설명도 하지 않고 계약서에 사인만 하게 한 중개인들에게 저는 어떤 조치를 취할수 있나요? 협회에 이의신청, 시청에 신고, 고소하는 것을 알아보았는데.. 구체적인 방법 혹은 더 효과적인 방법은 없나요?","안녕하세요. 부동산 전세 문제로 고민하고 계시군요.​전세 계약 시 주인이 집을 내주지 않는 경우, 상황에 따라 다양한 대응 방법이 있을 수 있습니다. 먼저, 전세 계약서에 명시된 계약 조건과 기한을 확인해 보시는 것이 좋습니다. 계약서에 명시된 조건에 따라 주인에게 문제를 제기하고 해결을 요구할 수 있습니다.​만약 주인이 돈이 없다고 주장하고 이사를 간다는 말을 하였다면, 이는 전세 계약을 위반하는 행위일 수 있습니다. 이 경우, 법적인 조치를 취할 수도 있습니다. 법률적인 조언을 받기 위해서는 변호사나 법률 전문가와 상담하는 것이 좋습니다.​또한, 전세 계약 시 전세 보증 보험에 가입하지 않았다고 하셨는데, 전세 계약서에 보증금에 대한 조항이 명시되어 있다면, 해당 조항에 따라 보증금을 환급 받을 수 있는 절차를 따를 수 있습니다. 이 경우에도 법률적인 조언을 받는 것이 좋습니다.​마지막으로, 부동산 중개사나 전문가에게 상담을 요청하는 것도 도움이 될 수 있습니다. 상황에 따라 다양한 대응 방법이 있을 수 있으므로, 전문가의 조언을 듣고 적절한 조치를 취하시는 것이 좋습니다. 상황에 따라 다른 전문가의 도움을 받으시는 것이 좋습니다."
전세,안녕하세요다가구전세 2년 살고 나갈려는데 집이 안나가서요기한은 다가오는데 주인사장님은 돈 없다 하시고이사간다는 말은 확실히 했는데 이럴경우 집이 안나가면 돈을 어찌 받아야 하나요?전세보증보험도 안해놔서ㅠ부동산에서도 주인이 안 주면 방법 없다 하고답답합니다.. 법으로 해야 하나요?,"신축 아파트의 경우 등기부등본이 나오기까지 시간이 걸릴 수 있습니다. 하지만 등기소에 방문하여 등기부등본을 발급받을 수 있습니다. 등기부등본에는 부동산의 소유자, 지분율, 근저당권 등과 같은 정보가 기재되어 있습니다.​공동명의인 집주인과 전세계약을 할 때에는 계약서 작성 시 두 사람 모두 참석해야 합니다. 계약서에는 두 사람의 인감도 날인해야 합니다. 특약으로 걸어야 할 사항은 다음과 같습니다.전세금 반환 보증임대인의 의무 위반 시 손해배상계약 해지 조건기타 특약 사항​매매가가 피가 붙어 더 오른 실정이므로, 전세금을 돌려받지 못할 위험이 있습니다. 따라서 계약을 체결하기 전에 신중하게 검토해야 합니다.​가계약금은 계약이 성사되지 않으면 반환해야 합니다. 따라서 가계약금을 지급한 후 계약이 성사되지 않으면, 부동산 중개사에게 가계약금을 반환해달라고 요구할 수 있습니다.https://smartstore.naver.com/black_hunter/products/7419596158              라인프렌즈 차량용 메쉬 방석 사계절 자동차 카시트 쿠션 통풍 등받이 : 태웅나라 [태웅나라] 좋은제품, 좋은가격 smartstore.naver.com            https://smartstore.naver.com/black_hunter/products/8642855342              DCF 100% 린넨 스트링 플라워 원피스 키작녀 디자인 깔끔한 롱 원피스 : 태웅나라 [태웅나라] 좋은제품, 좋은가격 smartstore.naver.com            ​"
전세,"안녕하세요 월세말고 전세는 처음이고 억 단위의 돈을 빌려 개인에게 맡기는 것도 불안해서 부덩산 전문가분들이 계시다면 도움좀 얻고 싶습니다.현재 집을 보고 가계약을 한 상황입니다집은 신축 아파트로 23년5월31일 부터 집을 볼 수있어서 이번에 집을 보고 전세금도 일부 맞춰주셔서 계약하기로 마음먹었는데 제가 계약에 대해 좀 무지한 상태인데 부동산직원분이 집주인과 통화후 가계약금 200을 입금하라고 해서 200을 입금했습니다. 부동산 직원분이 부동산 공급계약서를 보여줬을때 매수자는 A였지만 제가 입금한 계좌주인은 B였습니다.둘은 공동명의라고 해서 그냥 별생각 없이 입금했는데집에와서 또 전세에 대해 이것저것 알아보니 공동명의로 된집을 빌린다는게 찝찝하고, A와B가 공동명의 인지도 모르겠고, 임대차계약금수령확인서도 작성해야 하는건지도 몰랐고 부동산 중개인이 제 인적사항을 문자로 받고 자기가 작성해서 확인서를 대필해서 사진으로만 보내줬습니다. 지금까지는 진행된 상황이고 질문사항 몇개 올려보겠습니다ㅠㅠㅠ1. 신축(2000세대 이상)아파트이고 등기부등본이 나올려면 조금 오래걸린다 들었습니다. 그럼 A와B가 공동명의인지 , 두사람의 지분이 얼마인지 알 방법은 없는건가요?(부동산 직원 말로는 두사람은 부부라 함.)2. 공동명의인 집주인과 전세계약을 할때 계약서 작성시 두사람 다 와야하는지, 와서는 무엇을 특약으로 걸어야 하는지 , 주의사항 등은 무엇이 있을까요?3. 전세금 2억2천 이고 공급계약서 보니 매매금액은 3.6억 이였습니다. 지금은 매매가가 피가 붙어 더 오른 실정이고 부동산 직원 말로는 근저당,융자? 등은 없다고 하였는데 안심해도 될 매물일까요??4. 현재 너무 무지한 상태로 가계약금을 지급했는데 단순히 반환해달라 했을때 반환해줄 의무가 있을까요? 임대차계약금확인서를 부동산 직원이 작성했는데 ㅠㅠ 저는 그냥 그자리에서 입금 빨리해주는게 좋다고 해서 무작정 입금한 죄는 있습니다...조언 및 답변 해주시면 감사하겠습니다 :)","안녕하세요. 서울지방변호사회 소속으로 지식iN 법률상담을 진행하고 있는 정종욱 변호사입니다.​​최근 세입자들의 소중한 보증금을 떼어먹는 전세사기가 기승을 부리고 있어 세입자들의 각별한 주의가 필요한 상황입니다. 하지만 사기꾼들의 수법이 워낙 교묘하기 때문에 조심을 한다고 하더라도 눈 뜨고 코베이는 식으로 전세사기를 당하기 십상입니다. 전세사기에 대처하는 방법으로는 (1) 형사고소, (2) 보증금반환청구소송, (3) 채권추심/강제집행이 있습니다. 이 세 가지 절차가 유기적으로 진행되어야 전세사기 사건에서 피해를 회복할 수 있습니다.​HUG 등 전세보증보험을 가입하였다고 하더라도, 석연치 않은 이유들로 보증이행을 하지 않는 경우가 허다합니다. 보증보험회사의 입장에서도 세입자에게 보증채무를 이행한 뒤 집주인에게 구상권을 행사하여 보증금을 회수해야 하는데, 집주인으로부터 보증금회수가 불가능할 경우 이는 고스란히 보증보험회사의 손해로 귀속되기 때문입니다. 이 경우 보증금반환에 대한 부담은 고스란히 세입자가 부담하게 됩니다.​최근 유행하는 갭투자 전세사기는 결국 갭투자 사기꾼이 남겨놓은 재산을 피해자들끼리 나눠먹기를 하는 형국으로 귀결되는 경우가 많습니다. 따라서 신속한 법적 조치를 취한 쪽이 그렇지 않은 쪽보다 유리할 수밖에 없습니다. 전세사기는 수년동안 그 형태가 진화해왔고, 그 수법이 사안마다 다르기 때문에 사안에 맞는 적절한 해결책을 찾기를 원하신다면 관련 자료를 지참해 전문 변호사와 상담을 진행해보시는 것이 좋습니다. ​참고하실만한 글을 소개해드립니다. 부동산 전세사기 대응방법에 관해서는 아래 글을 참고하시면 도움이 되실 것입니다.              [전세사기변호사.com] 전세사기 피해회복 3박자가 잘 맞아야 한다. 전세사기변호사가 알려주는 전세사기 피해회복 방법 세입자들의 소중한 보증금을 떼어먹는 전세사기 사건이... blog.naver.com            ​"
전세,제가 돈이 필요하여 소개를 받아부동산 명의를 받아주고 사례금으로 300가량을 받았습니다명의 받았을때 살고 있던 전세 3억 2900만원 전세를 인수 받는 형식으로 했습니다(집에는 대출도 없이 깨끗합니다)전세만 있음그럼에도 300을 안주어 독촉하니 월세로 임차인과 다시계약 할거니 확정일자를 받아 달라해서 받아주고 300을 받았습니다(나중네 알고보니 위조더라거요…)그후로 집을 가져가지 않아 연락 했지만 연락이 두절되었고 결국에 나중에 알아보니 확정일자 다시 받아 대출을 하려 했다가 제가 더 안해주니 결국 포기한 모양이더군요…문제는 임대인과 계약 만료로 보증금을 주어야하는데 대출도 따로 없어서 집을 팔아 주려 했지만… 집이 팔리지 않아 전세금을 반환해주지 못하고 임차인은 hug에 보증보험으로 나갈생각인데 제가 그때 부동산에 무지해서 확정일자 허위로 받은것 때문에 hug에서 임차인이 저를 고소하면 보증 이행한대서 저를 고소했습니다….집만 팔리면 정리가 되는 상황인데(전세 3억2900 시세 3억 6000정도) 수요일 경찰 출석인데 저 형사 처벌 받은적 없습니다 어떤 처벌을 받을까요…? 전?,안녕하세요. 서울지방변호사회 소속으로 지식iN 법률상담을 진행하고 있는 정동운 변호사입니다.​약속된 매매가에 1년 전세종료시점에 그대로 매매한다고 기재하셨는데​임대차계약 종료시 약정된 매매대금을 지급하였다면(즉 임대차보증금이 매매대금으로 전환되어 일부 매매대금이 기지급된 것임) 계약 당사자가 임의로 계약을 해제할 수는 없습니다.​원칙상 임대차계약서와 매매계약서를 별도로 작성하지만 임대차계약서 특약사항으로 매매약정을 기재해도 법적 효력이 있습니다.​이상과 같이 답변 드립니다. 감사합니다.​변호사 정 동  운 올림.
전세,임대인 입니다. ^^ 전세계약 1년 채결하고 1년 종료시점에 전세입자가 그 상태로 매매계약을 채결할 경우 부동산 전세계약서에 특약사항으로 약속된 매매가에 1년 전세종료시점에 그대로 매매한다는 내용이 있으면 법적 효력이 있는지 궁금합니다. 부동산 중계인은 걱정된다며 우려를 표하고 있어요. 전세 매매 계약서 동시에 진행하고 싶지만 동일 물건에 두가지의 거래는 어려울거 같다 생각되서 그냥 특약사항에만 추가하려는데. 만약 아파트 가격이 떨어지면 종료시점에 매매취소를 주장한다면 어찌되는지 궁금해요.,"당신이 전세 계약을 맺고 1년을 거주한 뒤 중도 계약 파기를 하였지만, 그 후에 새로운 입주자를 구하는 데 어려움을 겪고 있습니다. 이때 불법적으로 방을 쪼개고 전세 대출이 나오지 않아 입주자를 구하는 데 어려움이 발생하고 있는 상황입니다. 이런 상황에서 고려할 사항과 가능한 조치들을 알려드리겠습니다.​1. **법적 조치 검토**: 먼저 부동산이 제공한 정보가 사실인지 확인하고, 해당 상황이 법적으로 올바른 방식으로 이루어지는지 검토해야 합니다. 불법적인 방 쪼개기 등 법적 문제가 있다면 이를 해결하기 위해 관련 기관에 신고하고 도움을 청하는 것이 중요합니다.​2. **전문가 상담**: 변호사나 부동산 전문가와 상담하여 현재 상황과 문제의 근본 원인을 분석하고, 가능한 해결책을 제시받는 것이 좋습니다. 법적인 측면과 부동산 거래의 특성을 잘 이해하고 있는 전문가의 조언은 도움이 될 것입니다.​3. **부동산 대출 문제 해결**: 전세 대출이 나오지 않아 새 입주자를 구하기 어려운 상황이라면, 해당 대출이 왜 나오지 않는지 원인을 파악해야 합니다. 대출이 나오지 않는 이유에 따라 은행이나 금융기관과 상담하여 해결책을 모색해 볼 수 있습니다.​4. **안전하고 합법적인 해결책 모색**: 새 입주자를 구하는 데 어려움이 있다면, 당장 급한 상황이 아니라면 조금 더 시간을 들여 안전하고 합법적인 해결책을 찾는 것이 중요합니다. 법적 문제나 금전적 손실을 방지하기 위해 신중한 판단이 필요합니다.​5. **임시 대책 고려**: 입주자를 구하는 데 시간이 걸린다면 임시적으로 해당 방을 임대하여 소득을 얻을 수 있는지 고려해볼 수 있습니다. 이는 문제의 해결을 기다리는 동안 잠정적인 대책으로 활용할 수 있을 것입니다.​위의 조치들은 상황에 따라 다르게 적용될 수 있으며, 현재 상황을 잘 분석하여 가장 적합한 방안을 찾는 것이 중요합니다. 변호사나 부동산 전문가의 도움을 받는 것도 좋은 방법입니다."
전세,안녕하세요 전세 2년 계약하고 1년 살고 졸업하고 나왔습니다.중도 계약 파기 하고 나왔는데 새입자가 계속 안 구해져서왜인가 그냥 있었는데 부동산에서 전화와서 살고있는 집이불법방 쪼개기로 전세 대출이 안 나와서 못 구해지는거라고하네요..신고 하기엔 절차도 있고 답도 없을것같고 뭐..방법이 없을까요..돈 몇천만원이 계속 묶여 있는 상태인데답답하네요,"당신이 전세 계약을 맺고 1년을 거주한 뒤 중도 계약 파기를 하였지만, 그 후에 새로운 입주자를 구하는 데 어려움을 겪고 있습니다. 이때 불법적으로 방을 쪼개고 전세 대출이 나오지 않아 입주자를 구하는 데 어려움이 발생하고 있는 상황입니다. 이런 상황에서 고려할 사항과 가능한 조치들을 알려드리겠습니다.​1. **법적 조치 검토**: 먼저 부동산이 제공한 정보가 사실인지 확인하고, 해당 상황이 법적으로 올바른 방식으로 이루어지는지 검토해야 합니다. 불법적인 방 쪼개기 등 법적 문제가 있다면 이를 해결하기 위해 관련 기관에 신고하고 도움을 청하는 것이 중요합니다.​2. **전문가 상담**: 변호사나 부동산 전문가와 상담하여 현재 상황과 문제의 근본 원인을 분석하고, 가능한 해결책을 제시받는 것이 좋습니다. 법적인 측면과 부동산 거래의 특성을 잘 이해하고 있는 전문가의 조언은 도움이 될 것입니다.​3. **부동산 대출 문제 해결**: 전세 대출이 나오지 않아 새 입주자를 구하기 어려운 상황이라면, 해당 대출이 왜 나오지 않는지 원인을 파악해야 합니다. 대출이 나오지 않는 이유에 따라 은행이나 금융기관과 상담하여 해결책을 모색해 볼 수 있습니다.​4. **안전하고 합법적인 해결책 모색**: 새 입주자를 구하는 데 어려움이 있다면, 당장 급한 상황이 아니라면 조금 더 시간을 들여 안전하고 합법적인 해결책을 찾는 것이 중요합니다. 법적 문제나 금전적 손실을 방지하기 위해 신중한 판단이 필요합니다.​5. **임시 대책 고려**: 입주자를 구하는 데 시간이 걸린다면 임시적으로 해당 방을 임대하여 소득을 얻을 수 있는지 고려해볼 수 있습니다. 이는 문제의 해결을 기다리는 동안 잠정적인 대책으로 활용할 수 있을 것입니다.​위의 조치들은 상황에 따라 다르게 적용될 수 있으며, 현재 상황을 잘 분석하여 가장 적합한 방안을 찾는 것이 중요합니다. 변호사나 부동산 전문가의 도움을 받는 것도 좋은 방법입니다."
전세,"21.3월 부동산 전세 계약후 23.3월 2년 경과시점이 되기전에 집주인과 갱신계약을 진행하였습니다.기존에 근저당이 설정되어 있는 집에 전세 계약을 진행하였는데 2년이 지난 시점에 집가격이 많이올랐다고 전세금이 1.5억을 올려서 4억에 계약을 진행하게되었습니다(기존 전세 2.5억)전세금을 올리던지 집주인이 추가대출 받은후에 다시 계약하던지를 선택하라고하던차에집주인이 추가대출을 받은 뒤 다시 계약하면 집주소를 옮겨야하는 위험이 발생하여 전자로 진행하게 되었습니다.21.3월 전세계약 진행시에 집주인이 대출을 받도록 협조한다는 추가조항으로 계약을 진행하였으므로, 집주인이 위 주장을 하고있는 상황입니다.질문1.추가조항 때문에 갱신계약 청구권으로 5%만 올려서 계약은 불가능 한가요?질문2.첨부사진과 같이 집주인이 근저당설정 금액을 감액하기로했는데 약속한기일이 경과된 상태인데 임대인 위약사유로 계약이 파기 가능한가요?(현재 계약금 1.8억, 중도금 8천 지급상태입니다)","부동산에서는 저희가 잔금을 내면 그 잔금가지고 전액상환말소를 한다고 하는데 원래 이절차자 맞나요? 저는 '만기상환조건시 잔금을 지급한다' 일줄 알았는데 부동산에서는 반대로 말하시는데 원래 이렇게 하는게 맞나요?---> 그런 조건으로 많이 임대차 계약을 하는 것이지만 잔금일에 그들에게만 맡겨 두지 말고 가능하면 같이 가서 대출금을 갚고, 그 자리에서 저당권 말소등기 접수를 하는 것도 체크를 하는 것이 좋겠지요.​"
전세,﻿ 안녕하세요부동산 전세 계약중 궁금한게... 제가 보고 있는집이 근저당설정이 되어있는데잔금시 전액상환말소하는 조건이라고 하더라구요부동산에서는 저희가 잔금을 내면 그 잔금가지고 전액상환말소를 한다고 하는데원래 이절차자 맞나요?저는 '만기상환조건시 잔금을 지급한다' 일줄 알았는데 부동산에서는 반대로 말하시는데원래 이렇게 하는게 맞나요?﻿,안녕하세요. 서울지방변호사회-네이버 지식iN 상담 변호사 정종욱 입니다.​신탁등기부동산 보증금반환 방법에 관해서는 아래 블로그 글을 참고하시면 도움이 되실 것입니다. ​              신탁등기 부동산 전세보증금반환 방법은? 신탁등기 부동산 전세보증금반환 방법 안녕하세요. 케이엔파트너스 전세보증금반환센터입니다. 저희 케이엔... blog.naver.com            ​
전세,몇 일전에 전세보증금 관련해서 질문을 했었는데..새로운 사실을 알게되어 다시 질문 드려봅니다.시간 순서대로 정리해봅니다.1. 2020년 12월 - 수십세대가 있는 오피스텔의                     한 원룸을  집주인의 위임을 받은 부동산 중개인과                     전세계약금 6500만원에 계약 후 주민센터가서 확정일자 받음2. 2021년 08월 - 위 중개인에게.. 계약만료 전 전세계약 해지를 원한다고 통보.2. 2021년 09월 - 새로운 임대인 A가 건물 인수하고 같은날 동시에 B신탁회사로                     소유권 이전 등기완료 됨3. 2021년 12월 - 2020년 12월에 확정일자 받는 날 전입신고를 하지 않았다는 걸 뒤늦게 알고                    부랴부랴 2021년 12월에 전입신고 했습니다.생각하기도 싫지만 만에 하나임대인 A가 돈을 못 갚아 B회사가 해당 오피스텔을 경매로 넘길경우대항력은 저 부동산 회사보다 밀리는 것은 당연하고1. 저는 주택임대차보호법상  서울시 소액임차인  최우선변제금(5천만)을 보장 받을 수 있을까요?2. 임차권등기변경 신청 가능할까요?3. 전세보증금 반환 신청 가능할까요?위약금을 좀 물더라도 빨리 계약해지를 하고 전세금을 돌려받고 싶은마음 뿐입니다.지금 상황에서 제가 대처해볼 수 있는 방법이 있으면 답변 부탁드립니다.,"안녕하세요. 서울지방변호사회 소속으로 지식iN 법률상담을 진행하고 있는 정종욱 변호사입니다.​전세계약이 종료되면 집주인은 세입자에게 보증금 전액을 반환해주어야 할 의무가 있습니다. 전세보증금을 돌려주지 않는 집주인이 “새로운 세입자가 구해지면 보증금을 돌려주겠다.”고 이야기하는 경우가 많은데, 이는 법률상 근거가 없는 주장입니다. 전세만기에도 집주인이 보증금을 돌려주지 않으면 임차권등기명령, 전세보증금반환소송을 진행하셔야 합니다. 구체적인 대응방법은 사안에 따라 다르니, 보다 자세한 상담을 원하시면 관련자료를 지참해 전문 변호사와 상담을 진행해보시는 것이 좋습니다. ​​"
전세,"2021/5/31 계약을 하였으며 2년 계약했습니다 .만기일 다되어가 계약 해지 통보를 하는데 아직 연락이 안되는 상태입니다  2022/12/21 부터 이번 계약일 까지만 살고 나간다고 연락을 한 상태 인데 연락이 안됩니다 전화도 매일 하였으나 받지 않는 상태고 부동산에도 연락을 매일 연락을 하여도 집주인이랑 연락 안된다 고만 이야기하네요 .. . 현 / 내용 증명 2번 하였습니다 . 2번다 반송 당하고  아무것도 못 하는 중입니다 .. 1.집주인 핸드폰 번호 다시 알아내는 방법이 있을까요 ..  2. 이러한 경우 해결 방법이 있을까요 ..,3. 집주인 등기에 표시된 집 주소에 찾아 갈려고 하는데 주거 침입죄 로 고소당할까요 ?  도와주세요ㅜㅜ","https://link.coupang.com/a/99tKC              마이밀 마시는 뉴프로틴 190ml, 64개 COUPANG link.coupang.com            네, 맞습니다. 공인중개사가 가입한 전세보증보험은 임차인을 보호하기 위한 보험입니다. 따라서, 임차인이 별도로 전세보증보험에 가입하지 않더라도, 공인중개사가 가입한 전세보증보험으로 임대인의 보증금 반환을 보장받을 수 있습니다.다만, 공인중개사가 가입한 전세보증보험은 다음과 같은 제한이 있습니다.보증금액이 1억원 이하인 경우만 보장됩니다.공인중개사가 가입한 전세보증보험은 임차인이 전세 계약을 해지하고, 보증금을 돌려받지 못할 경우만 보장됩니다.따라서, 보증금액이 1억원을 초과하는 경우, 또는 임대인이 보증금을 돌려주지 않을 가능성이 높은 경우, 임차인이 별도로 전세보증보험에 가입하는 것이 좋습니다.공인중개사가 가입한 전세보증보험에 대한 자세한 내용은 공인중개사로부터 확인할 수 있습니다.다음은 공인중개사가 가입한 전세보증보험의 장점과 단점입니다.장점임차인의 보증금 반환을 보장합니다.별도의 서류 제출이나 심사 과정이 필요하지 않습니다.보험료가 저렴합니다.단점보증금액이 1억원 이하만 보장됩니다.임차인이 전세 계약을 해지하고, 보증금을 돌려받지 못할 경우만 보장됩니다.귀하의 경우, 공인중개사가 가입한 전세보증보험으로 보증금 반환을 보장받을 수 있습니다. 다만, 보증금액이 1억원을 초과하는 경우, 또는 임대인이 보증금을 돌려주지 않을 가능성이 높은 경우, 임차인이 별도로 전세보증보험에 가입하는 것도 고려해 보시기 바랍니다.https://winnerman.tistory.com/3880              마이밀 마시는 뉴프로틴 190ml, 64개 마이밀 마시는 뉴프로틴 190ml 16개입 32개 COUPANG www.coupang.com 마이밀 마시는 뉴프로틴 190ml 16개입 32개 COUPANG www.coupang.com 마이밀 마시는 뉴프로틴 190ml 16개입 32개 COUPANG www.coupang.com ""이 포스팅은 쿠팡 파트너스 활동의 일환으로, 이에 따른 일정액의 수수료를 제공받습니다."" 장점: * 1회 섭취로 단백질 20g 섭취 가능 * 칼로리 낮음(190ml 기준 100kcal) * 지방과 콜레스테롤 함량 0 * 다양한 맛 선택 가능 단점: * 가격... winnerman.tistory.com            ""이 포스팅은 쿠팡 파트너스 활동의 일환으로, 이에 따른 일정액의 수수료를 제공받습니다."""
전세,현재 집 알아보고있는데 공인중개사 자체에 전세보증보험이 가입되어있다고 따로 가입 안해도 된다고하는데 맞나요?,일단 문제 없습니다. 전세보증보험 가입하는 게 좋습니다.​집값이  1.5억 이하로 하락하면 주인이 소유권을 포기할 수도 있습니다. 그럼 깡통전세가 되는 겁니다.​최악의 경우에도 손실이 크지는 않습니다.
전세,"안녕하세요신혼부부로 전세를 알아보고 있는 사람입니다.일단 A아파트를 알아보았는데현재 그 아파트 매매 시세는 1억7천정도 되고같은동 전세로 나와 있는 매물은 1억5천입니다.아파트는 97년에 지어진 아파트 인데 내부 리모델링이 전부 되어있고 같은동 다른 호의 방과 비교해봐도 다른 아파트 처럼 깔끔합니다.그런데 전세금이 너무 비싼거 같아 걱정이 되고있습니다.이제 부터 질문드릴 사항은1. 매매가와 전세금이 차이가 나지 않을경우 문제(걱정)가 되는 부분은 어떤것이 있을까요?2. 집주인분의 인적사항(보유한 집의 갯수, 집주인의 직업, 집주인의 부채, 직업 등등)을 많이 모르는 상황인데 이런것을 부동산을 통해 알수가 있나요?3. 전세사기의 유형은 어떠한 것이 있나요??4. 부동산에서 전세계약전 전세가의 5프로의 계약금을 먼저 지불(가계약?)하고 계약을 나중에 할수 계약을 이어나갈수 있다고 하는데 계약을 취소하게 되면 계약금을 돌려받을수 없는건가요??",질문에 답변드리겠습니다.1) 현재 집 임대인(집주인)이 다른분한테 집을 팔기로 해서 다른 분과는 계약금만 지불된 상황입니다.새로운 임대인은 직접 거주를 위해 집을 구매하였고요.이 경우 저는 새로운 전세집에 대한 계약금을 현재 집주인에게 요구하고 싶은데 가능한 부분인가요?==> 가능합니다. 등기상 소유자에게 요구하시기 바랍니다.​2) 계약 만료일이 8월 26일 인 경우 새로운 전세 집 계약은 보통 언제부터로 시작하나요? 또한 이사는 언제쯤 하는게 맞나요?==> 통상 2~3개월 전부터 진행하시는 것이 적절해 보입니다.3) 계약 만료일(8월26일) = 이사일 = 현재 집 전세금 돌려받기 = 새로운 집 잔급 지급일상기 4개가 같은 날 이뤄지는게 맞을까요?==>네 그렇습니다. 질문자님께서는 소유자에게 보증금을 받고 이사를 하시면 모든 절차를 마무리할 수가 있습니다.​
전세,안녕하세요 현재 살고 있는 집의 계약 만료일이 8월 26일(토)입니다.전세 관련 궁금사항이 있어서 아시는 분은 답변 부탁드립니다.1) 현재 집 임대인(집주인)이 다른분한테 집을 팔기로 해서 다른 분과는 계약금만 지불된 상황입니다.새로운 임대인은 직접 거주를 위해 집을 구매하였고요.이 경우 저는 새로운 전세집에 대한 계약금을 현재 집주인에게 요구하고 싶은데 가능한 부분인가요?2) 계약 만료일이 8월 26일 인 경우 새로운 전세 집 계약은 보통 언제부터로 시작하나요? 또한 이사는 언제쯤 하는게 맞나요?3) 계약 만료일(8월26일) = 이사일 = 현재 집 전세금 돌려받기 = 새로운 집 잔급 지급일상기 4개가 같은 날 이뤄지는게 맞을까요?2년에 한번씩 하다보니까 항상 까먹네요. 상세한 답변 부탁드려요,안녕하세요. 서울지방변호사회 소속으로 지식iN 법률상담을 진행하고 있는 정동운 변호사입니다.​질문자분은 계약금 5%로 중개인에게 미리 이야기 하였는데 중개인이 이에 관하여 상대방과 협의가 안되어 벌어진 일로 보입니다.​그렇다면 가계약금의 배액 부분은 중개인의 과실(또는 고의)로 받지 못하게 되었으므로 중개인에게 배상청구를 하실 수 있을 뿐입니다.​이상과 같이 답변 드립니다. 감사합니다.​변호사 정 동 운 올림.
전세,"전세계약 하려고 집을 알아보던중 맘에드는 집이나와서  가계약금 100만원 걸었습니다. 공동 중개였습니다.입금 후 문자로 가계약 약정서도 받았고요,임대인 단순 변심으로 인한 파기는 배액배상임차인 단순 변심으로 인한 파기는 계약금 포기라는 명시도 있었습니다. 본 계약 날짜 하루 남겨두고, 저희쪽 부동산에서 전하길 임대인이 본계약시 계약금을 10% 달라고 했다더군요 저희는 가계약 전과, 후에도 문자로 5%로라고 확인 받은상태에서 5%금액만 준비했는데하루아침에 돈을 구하지 못한다 하니, 그럼 가계약금 100만원 돌려주고 계약을 파기하자고 하더라고요결론은 두 부동산이 제대로 정보 공유하지않아서 저희가 계약 하루 전날 일방적으로 계약 파기를 당했습니다. 배액배상을 물론 사과도 받지 못했고요.이 경우 소 제기가 가능할지,가능하다면 임대인 양쪽 두 부동산 모두에게 적용되는지 궁금합니다.","제 경험상 대출을 받거나 전세 보증 보험을 들면 2년 단위(2023년 1월1일 ~ 2024년 12월 31일)로 대출을 받거나 보증 보험에 가입을 들었는데, 이렇게 하루가 더 연장되어 계약된 경우는 전세 대출과 전세금 반환 보험 가입이 가능한가요? 아직 전세금의 10%만 내고 계약서를 작성한 상태인데, 임대 기간때문에 공인중개사에게 계약서 다시 작성하자고 해야 할까요?​---> 무지한 중개인에게 민법상 계약기간도 안 배웠냐면서 계약서를 제대로 기간(초일 불산입)을 설정하여 다시 써 달라고 하시면 되겠지요."
전세,"전세 계약서를 작성하였습니다. 계약 기간을 확인해보니 2023년 1월 1일~ 2025년 1월 1일 이런 식으로 2년 +1 하루로 계약서가 작성되어 있는데요.  제 경험상 대출을 받거나 전세 보증 보험을 들면 2년 단위(2023년 1월1일 ~ 2024년 12월 31일)로 대출을 받거나 보증 보험에 가입을 들었는데, 이렇게 하루가 더 연장되어 계약된 경우는 전세 대출과 전세금 반환 보험 가입이 가능한가요?아직 전세금의 10%만 내고 계약서를 작성한 상태인데, 임대 기간때문에 공인중개사에게 계약서 다시 작성하자고 해야 할까요?",명의 바뀌고 근저당 있단 이유만으로 사기는 아닙니다. 일단은 만기일 2~6개월 전 현 등기부상 소유주에게 해지 통보부터 남기세요
전세,"최근에 등기를 떼볼 일이 생겨서 확인해봤다가집주인 명의가 바뀐걸 알게 됐어요.또 기존에는 없던 근저당까지 큰 금액으로 잡혀있어서요즘 매일매일이 너무 심란합니다.2년 전쯤 이사할 집을 못구해서 마음이 매우 급했던 차에오래 알고지낸 지인이 괜찮게 나온 물건이 있다면서공인중개사를 소개해줬어요.아무래도 서로 알만한건 다 아는 지인이다보니당연히 문제 없는 곳이라고 생각했고급한 마음에 계약금부터 걸고 들어와 살았네요.곧 계약 만료를 앞두고 있구요. 지역은 성남입니다.그동안 집 관련으로 상의 할 일이 있으면집주인보다는 공인중개사랑 이야기를 했었는데요.이런 상황이 처음이기도 하고 요즘 비슷한 내용으로부동산 전세사기네 뭐네 시끄럽다 보니 불안한 마음이 크네요.제가 지금 집에 들어오고 한달 뒤에 명의가 바뀌었는데그동안 공인중개사에게 명의변경,근저당 관련 내용으로는한마디도 들어본 적이 없어요.계약 만료시 빠르게 전세금 돌려받고 싶은데만약 집주인이 돈을 돌려주지 못하겠다고 한다면어떻게 대처해야 하는지 조언 부탁드립니다.",현재상태에서   임대차 계약을 맺는다면 그게 바로 신탁 전세사기 입니다.​구지 계약을 맺겠다면  하나자신시탁회사에  임대차 계약 동의를  받아야 합니다...​그런데 일반인이  동의서의 진위파악 자체도  어렵고   내용도 이해하기 어려우므로​질문자가  직접  고용한 변호사의 조언이나 자문없이는  절대    임대차 계약을   하지마세요​법무사의 무료자문을 얻어  신탁등기된  주택을 임대차 계약했다가  결국 큰  낭패를 본 경우를 ​부기기수로   보았습니다. 나중에 알고보니  법무사도 집주인과 한패였음다는 ...​신탁등기된  주택을   소개.중개한    중개사도 믿지마세요...  ​신탁내용을 구체적으로 알고싶다면   따로 신탁원부를  발급받아보세요...​​
